
-- phpMyAdmin SQL Dump
-- version 3.5.2.2
-- http://www.phpmyadmin.net
--
-- Client: localhost
-- Généré le: Jeu 31 Mars 2016 à 15:21
-- Version du serveur: 10.0.20-MariaDB
-- Version de PHP: 5.2.17

SET SQL_MODE="NO_AUTO_VALUE_ON_ZERO";
SET time_zone = "+00:00";


/*!40101 SET @OLD_CHARACTER_SET_CLIENT=@@CHARACTER_SET_CLIENT */;
/*!40101 SET @OLD_CHARACTER_SET_RESULTS=@@CHARACTER_SET_RESULTS */;
/*!40101 SET @OLD_COLLATION_CONNECTION=@@COLLATION_CONNECTION */;
/*!40101 SET NAMES utf8 */;

--
-- Base de données: `u539093102_data`
--

-- --------------------------------------------------------

--
-- Structure de la table `Jouer`
--

CREATE TABLE IF NOT EXISTS `Jouer` (
  `mail` varchar(50) NOT NULL DEFAULT '',
  `idQcm` int(3) NOT NULL DEFAULT '0',
  `nbEssais` int(3) DEFAULT NULL,
  `scoreQcm` int(2) DEFAULT NULL,
  `valider` tinyint(1) DEFAULT NULL,
  PRIMARY KEY (`mail`,`idQcm`),
  KEY `idQcm` (`idQcm`)
) ENGINE=MyISAM DEFAULT CHARSET=utf8;

-- --------------------------------------------------------

--
-- Structure de la table `Qcm`
--

CREATE TABLE IF NOT EXISTS `Qcm` (
  `idQcm` int(3) NOT NULL AUTO_INCREMENT,
  `niveau` int(1) NOT NULL,
  `temps` int(10) DEFAULT NULL,
  `valider` tinyint(1) DEFAULT '0',
  `nom` varchar(100) DEFAULT NULL,
  `url` varchar(100) DEFAULT NULL,
  PRIMARY KEY (`idQcm`)
) ENGINE=MyISAM  DEFAULT CHARSET=utf8 AUTO_INCREMENT=63 ;

--
-- Contenu de la table `Qcm`
--

INSERT INTO `Qcm` (`idQcm`, `niveau`, `temps`, `valider`, `nom`, `url`) VALUES
(1, 1, 5, 0, 'Comprendre la socialisation : une introduction aux S.E.S', 'https://www.youtube.com/watch?v=1D5vh6xQIQE'),
(2, 1, 5, 0, 'Analyser un phénomène social : le cas de l’obésité', 'https://www.youtube.com/watch?v=aeqWS9Yc6fQ'),
(3, 1, 5, 0, 'La consommation, un fait social : l’exemple des chaussures de sport', 'https://www.youtube.com/watch?v=zea3o2sZe5o'),
(4, 1, 5, 0, 'Exploiter des graphiques en S.E.S : le cas des sports d’hiver', 'https://www.youtube.com/watch?v=7GmGddyt0Mk'),
(5, 1, 5, 0, 'Les organisations productives', 'https://www.youtube.com/watch?v=ap0QBeuXHNA&feature=youtu.be'),
(6, 1, 5, 0, 'Qu’est-ce que la valeur ajoutée ? Comment la calculer ?', 'https://www.youtube.com/watch?v=p6bZ4IHhWCw'),
(7, 1, 5, 0, 'Proportions et pourcentages : le cas du marché automobile', 'https://www.youtube.com/watch?v=m5HlWKlWanU'),
(8, 1, 5, 0, 'Mesurer une évolution : le cas du marché des tablettes', 'https://www.youtube.com/watch?v=91vUPk8H11o'),
(9, 1, 5, 0, 'Lire un tableau statistique en S.E.S : le cas de la pollution', 'https://www.youtube.com/watch?v=ar_dHO4Krr0'),
(10, 1, 5, 0, 'Les externalités : négatives et positives', 'https://www.youtube.com/watch?v=vG6R66qas5Y'),
(11, 1, 5, 0, 'Comment mesurer le chômage ?', 'https://www.youtube.com/watch?v=ZV5BTZr7yVE'),
(12, 1, 5, 0, 'Le diplôme protège-t-il du chômage ?', 'https://www.youtube.com/watch?v=Y-nyCdK8d7A'),
(13, 1, 5, 0, 'L’emploi des jeunes', 'https://www.youtube.com/watch?v=qWcSDaskpMA'),
(14, 2, 5, 0, 'La concurrence : l’exemple d’Airbus Vs Boeing', 'https://www.youtube.com/watch?v=awRXNxb4dDA'),
(15, 2, 5, 0, 'La loi de l’offre et de la demande : le cas du marché pétrolier', 'https://www.youtube.com/watch?v=8vSFup23nmw'),
(16, 2, 5, 0, 'Les 5 hypothèses de Concurrence Pure et Parfaite (CPP)', 'https://www.youtube.com/watch?v=sTx16RNc4f8'),
(17, 2, 5, 0, 'Marché en oligopole : le cas de la téléphonie mobile', 'https://www.youtube.com/watch?v=nVNPapHccVA'),
(18, 2, 5, 0, 'Les indices (base 100) : le cas des prix immobiliers', 'https://www.youtube.com/watch?v=-ZYuWKjR5qA'),
(19, 2, 5, 0, 'Les coûts de production de l’entreprise :  l’exemple d’une exploitation agricole', 'https://www.youtube.com/watch?v=aTHRVzsxEsc'),
(21, 2, 5, 0, 'La productivité du travail : comment la calculer ?', 'https://www.youtube.com/watch?v=kdOAd5C6pl4'),
(22, 2, 5, 0, 'Les syndicats de salariés en France', 'https://www.youtube.com/watch?v=Pe9Ikl5AoYI'),
(23, 2, 5, 0, 'Les formes de la monnaie', 'https://www.youtube.com/watch?v=upp_hW8CASI'),
(24, 2, 5, 0, 'Les fonctions de la monnaie', 'https://www.youtube.com/watch?v=Gf08vVaIFLU'),
(25, 2, 5, 0, 'Qu’est-ce que l’inflation ?', 'https://www.youtube.com/watch?v=Jur51xPQK_s'),
(26, 2, 5, 0, 'Le taux d’intérêt : comment le calculer ?', 'https://www.youtube.com/watch?v=iiYOGos7dVQ'),
(27, 2, 5, 0, 'Le financement des entreprises', 'https://www.youtube.com/watch?v=BraGpGHec_A'),
(28, 2, 5, 0, 'Comment choisit-on son conjoint ?', 'https://www.youtube.com/watch?v=Lc2MTow8ghI'),
(29, 2, 5, 0, 'Les PCS, professions et catégories socio-professionnelles', 'https://www.youtube.com/watch?v=psJYMRPFb1w'),
(30, 2, 5, 0, 'Les moyennes et la médiane : le cas du niveau de vie', 'https://www.youtube.com/watch?v=Rcr-82le6KA'),
(31, 2, 5, 0, 'Les coefficients budgétaires : le cas du budget des ménages français', 'https://www.youtube.com/watch?v=JMXhGIUNAiM'),
(32, 2, 5, 0, 'Qu’est-ce que le contrôle social ?', 'https://www.youtube.com/watch?v=jgLIQmK3Mtw'),
(33, 2, 5, 0, 'Déviance et délinquance', 'https://www.youtube.com/watch?v=2qyKP2xiWWU'),
(34, 2, 5, 0, 'Des revenus primaires aux revenus disponibles', 'https://www.youtube.com/watch?v=BK-H1Scq-qc'),
(35, 2, 5, 0, 'Etat social ou Etat-providence', 'https://www.youtube.com/watch?v=1uxDHo3nwvc'),
(36, 2, 5, 0, 'Quelle différence entre le salaire brut et le salaire net ?', 'https://www.youtube.com/watch?v=fgi__oUPwVM'),
(37, 2, 5, 0, 'Les prélèvements obligatoires en France', 'https://www.youtube.com/watch?v=bZkQuHKqiTA'),
(38, 2, 5, 0, 'La TVA : comment la calculer ?', 'https://www.youtube.com/watch?v=BygxVO7IZ6o'),
(39, 2, 5, 0, 'L’impôt sur le revenu : comment le calculer ?', 'https://www.youtube.com/watch?v=gqblj968hWQ'),
(40, 2, 5, 0, 'Pourquoi le déficit public et la dette publique ?', 'https://www.youtube.com/watch?v=AkZnj19rXVY'),
(41, 2, 5, 0, 'L’Etat de droit', 'https://www.youtube.com/watch?v=jzkue4VxoA8'),
(42, 3, 5, 0, 'La croissance économique : comment la mesurer ?', 'https://www.youtube.com/watch?v=rPjI7lbTQD8'),
(43, 3, 5, 0, 'Volume et valeur : le cas du pouvoir d’achat', 'https://www.youtube.com/watch?v=aZn05mI7EFo'),
(44, 3, 5, 0, 'Qu’est-ce que la pauvreté ?', 'https://www.youtube.com/watch?v=umJo1p1l5lE'),
(45, 3, 5, 0, 'L’indice de développement humain, IDH', 'https://www.youtube.com/watch?v=U-Pc5-Y4uTY'),
(46, 3, 5, 0, 'Le progrès technique : l’exemple de Google', 'https://www.youtube.com/watch?v=bSn437rPBbg'),
(47, 3, 5, 0, 'Les élasticités : le cas de l’élasticité-prix de la demande', 'https://www.youtube.com/watch?v=8UkgYnV9Ot4'),
(48, 3, 5, 0, 'Les politiques de lutte contre la pollution', 'https://www.youtube.com/watch?v=tMFzPW_XLmA'),
(49, 3, 5, 0, 'Qu’est-ce que le patrimoine ?', 'https://www.youtube.com/watch?v=_skU3LKDYPk'),
(50, 3, 5, 0, 'Les quantiles : le cas des inégalités de niveau de vie', 'https://www.youtube.com/watch?v=LpKM-C7oE8A'),
(51, 3, 5, 0, 'Les inégalités économiques et sociales : l’exemple des Zones urbaines', 'https://www.youtube.com/watch?v=TxBF7UfMJTg'),
(52, 3, 5, 0, 'Les inégalités hommes-femmes au sein du monde du travail', 'https://www.youtube.com/watch?v=y7EGzreV-HY'),
(53, 3, 5, 0, 'Immigrés et étrangers', 'https://www.youtube.com/watch?v=HYiGER9m9x4'),
(54, 3, 5, 0, 'L''école est-elle inégalitaire ?', 'https://www.youtube.com/watch?v=TOxkh42pD0I'),
(55, 3, 5, 0, 'Les tables de mobilité : le cas de la France de 2012', 'https://www.youtube.com/watch?v=eM-he6QTAf0'),
(56, 3, 5, 0, 'Le salaire minimum est-il responsable du chômage ?', 'https://www.youtube.com/watch?v=1Rl6gWNqK50'),
(57, 3, 5, 0, 'Formation et qualification', 'https://www.youtube.com/watch?v=nyR2L_tv8qw'),
(58, 3, 5, 0, 'Le commerce extérieur de la France', 'https://www.youtube.com/watch?v=Ct0o5o2TzJA'),
(59, 3, 5, 0, 'Le libre échange', 'https://www.youtube.com/watch?v=54f011JsMg4'),
(60, 3, 5, 0, 'Le protectionnisme', 'https://www.youtube.com/watch?v=xpo6wlOH8P4'),
(61, 3, 5, 0, 'Comprendre la Zone Euro', 'https://www.youtube.com/watch?v=9LNob9QQf48'),
(62, 3, 5, 0, 'La politique conjoncturelle et « le carré magique »', 'https://www.youtube.com/watch?v=tn5dQ7udJ9o');

-- --------------------------------------------------------

--
-- Structure de la table `Questions`
--

CREATE TABLE IF NOT EXISTS `Questions` (
  `idQuestion` int(3) NOT NULL AUTO_INCREMENT,
  `idQcm` int(3) DEFAULT NULL,
  `question` varchar(500) DEFAULT NULL,
  `conteur` int(2) DEFAULT '0',
  `bonus` tinyint(1) NOT NULL DEFAULT '0',
  PRIMARY KEY (`idQuestion`),
  KEY `idQcm` (`idQcm`)
) ENGINE=MyISAM  DEFAULT CHARSET=utf8 AUTO_INCREMENT=367 ;

--
-- Contenu de la table `Questions`
--

INSERT INTO `Questions` (`idQuestion`, `idQcm`, `question`, `conteur`, `bonus`) VALUES
(1, 1, 'Répondez à la question posée en fin de vidéo : Peut-on dire que cet enfant a été socialisé ?', 0, 1),
(2, 1, 'La socialisation est un processus :', 0, 0),
(3, 1, 'Se brosser les dents est :', 0, 0),
(4, 1, 'La socialisation secondaire complète l’apprentissage fait dans les premières années de la vie', 0, 0),
(5, 1, 'Laquelle des propositions suivantes ne fait pas partie des instances de socialisation primaire ?', 0, 0),
(6, 1, 'La socialisation des filles et des garçons est-elle identique ?', 0, 0),
(7, 2, 'Vu dans la vidéo : quel était en 2012, le nombre de français âgés de plus de 18 ans étant en surpoids ?', 0, 1),
(8, 2, 'Le fondateur de la sociologie en France est', 0, 0),
(9, 2, 'La sociologie étudie', 0, 0),
(10, 2, 'L’augmentation très importante de la part de la population obèse en France entre 1997 et 2012 indique que nous sommes en présence d’ un  phénomène social', 0, 0),
(11, 2, 'Parmi les causes de l’obésité, laquelle des propositions suivantes est-elle fausse ?', 0, 0),
(78, 3, 'Recherchez par vos propres moyens la bonne réponse : En 2013 Nike réalisait un chiffre d''affaires dans le monde, d''environ :', 0, 1),
(13, 2, 'En 2014 le pays de la planète comptant la plus grande proportion d’enfants obèses était', 0, 0),
(14, 3, 'Parmi les propositions suivantes, laquelle est-elle fausse ? Consommer signifie', 0, 0),
(15, 3, 'L’effet de distinction est aussi un signe d’appartenance à un groupe de référence', 0, 0),
(16, 3, 'Sur le prix de vente d’une paire de chaussure de sport de la marque Nike, Les matières premières représentaient en 2013', 0, 0),
(17, 3, 'La consommation qui permet de caractériser un groupe social est appelé', 0, 0),
(18, 3, 'La consommation dite ostentatoire est destinée', 0, 0),
(19, 4, 'Selon vous, acheter une voiture de marque Ferrari est une consommation', 0, 1),
(20, 4, 'Quel intérêt principal présente un diagramme circulaire', 0, 0),
(21, 4, 'Une semaine aux sports d’hiver constitue-t-elle un marqueur social ?', 0, 0),
(22, 4, 'Qu’est-ce que le taux de départ en vacances ?', 0, 0),
(23, 4, 'Parmi les raisons suivantes de non-départ en vacances, laquelle est-elle fausse', 0, 0),
(24, 4, 'Les catégories aisées optent pour des séjours de vacances', 0, 0),
(25, 5, 'Selon vous, la SNCF est', 0, 1),
(26, 5, 'Les organisations productives sont un', 0, 0),
(27, 5, 'Quelle est la proposition fausse parmi les suivantes, les entreprises', 0, 0),
(28, 5, 'Quelle est la proposition fausse parmi les suivantes, le financement des associations provient', 0, 0),
(29, 5, 'Parmi les propositions suivantes, laquelle n''est pas une entreprise', 0, 0),
(30, 5, 'En 2015, depuis leur création en 1985, les Restos du coeur avaient servi plus', 0, 0),
(31, 6, 'Si une entreprise a un chiffre d''affaires de 450.000 euros, un profit de 150.000 euros, des matières premières  100.000 euros, des dépenses totales de 300.000 euros, de coût salarial de 50.000 euros, quelle est sa valeur ajoutée ?', 0, 1),
(32, 6, 'La formule de la valeur ajoutée est', 0, 0),
(33, 6, 'Quelle est la proposition n’appartenant pas aux consommations intermédiaires ?', 0, 0),
(34, 6, 'La somme des valeurs ajoutées situées sur un territoire permet d’obtenir', 0, 0),
(35, 6, 'Les consommations intermédiaires ont une durée de vie', 0, 0),
(36, 6, 'Le chiffre d’affaires représente', 0, 0),
(37, 7, 'Selon vous, est-il possible qu''une augmentation soit supérieure à 100% ?', 0, 1),
(38, 7, 'Une proportion est équivalente à un pourcentage mais présentée autrement', 0, 0),
(39, 7, '75 % correspond', 0, 0),
(40, 7, 'La moitié des ménages étaient équipés d’une voiture d’occasion en 1970 selon l’INSEE', 0, 0),
(41, 7, 'Quel constructeur était le premier vendeur d’automobiles en Chine en 2012', 0, 0),
(42, 7, 'La chine représentait 23.63 % du marché automobile mondial en 2013, soit', 0, 0),
(43, 8, 'Si une personne a vu son revenu doubler, on peut dire que', 0, 1),
(44, 8, 'Parmi les causes suivantes d’achat de tablettes numériques, laquelle n’est pas économique', 0, 0),
(45, 8, 'La formule de l’écart absolu est', 0, 0),
(46, 8, 'Parmi ces indicateurs d’évolution, lequel n’a pas d’unité', 0, 0),
(47, 8, 'Entre 2010 et 2013 Le nombre de tablettes vendues dans le monde a augmenté de', 0, 0),
(48, 9, 'Selon vous, comment s''est appelé le sommet sur le climat tenu à Paris à la fin de l''année', 0, 1),
(49, 9, 'Quel mode de transport est-il le plus polluant', 0, 0),
(50, 9, 'Quel mode de transport a permis une baisse d’émission de CO2', 0, 0),
(51, 9, 'Un tableau statistique comprend au moins', 0, 0),
(52, 9, 'L’unité est toujours indiquée dans un tableau statistique', 0, 0),
(53, 9, 'Faut-il indiquer la source du tableau statistique quand on l’utilise', 0, 0),
(54, 10, 'Selon vous, si une entreprise s''installe dans une zone rurale', 0, 1),
(55, 10, 'Les externalités sont', 0, 0),
(56, 10, 'Les externalités sont', 0, 0),
(57, 10, 'Laquelle des propositions suivantes n’est pas une externalité positive', 0, 0),
(58, 10, 'Les situations où un acteur est défavorisé par l’action d’un tiers sans qu’il en soit compensé sont', 0, 0),
(59, 10, 'Les émissions de CO2 par habitant ont diminué entre 1990 et 2009', 0, 0),
(60, 11, 'Selon vous, la population active est égale à', 0, 1),
(61, 11, 'Un chômeur fait partie', 0, 0),
(62, 11, 'L’INSEE ne mesure pas le chômage', 0, 0),
(63, 11, 'La formule du taux de chômage est la suivante', 0, 0),
(64, 11, 'A la fin 2014, l’effectif de chômeurs (catégorie A) était de', 0, 0),
(65, 11, 'Entre 2008 et 2014 en France, le chômage', 0, 0),
(66, 12, 'Selon vos recherches le LMD est', 0, 1),
(67, 12, 'Entre 1982 et 2012 le taux de chômage des actifs sans diplôme', 0, 0),
(68, 12, 'Quelle catégorie a-t-elle vu son taux de chômage augmenter le plus vite entre 2008 et 2011 ?', 0, 0),
(69, 12, 'Le diplôme protège complètement du chômage', 0, 0),
(70, 12, 'Parmi les propositions suivantes, la quelle est-elle fausse ? Les personnes les plus diplômées gardent un avantage en', 0, 0),
(71, 12, 'En 2013, près de la moitié des personnes sorties depuis 1 à 4 ans du système scolaire étaient au chômage', 0, 0),
(72, 13, 'Le taux d''emploi est-il équivalent au taux de chômage ?', 0, 1),
(73, 13, 'L’INSEE considère comme « jeunes » les', 0, 0),
(74, 13, 'Le taux d’emploi est la proportion de personnes', 0, 0),
(75, 13, 'Quel type de contrat n’est pas précaire parmi les choix suivants', 0, 0),
(76, 13, 'La part de l’emploi précaire a le plus augmenté entre 1980 et 2014 parmi les', 0, 0),
(77, 13, 'Un emploi précaire est considéré comme', 0, 0),
(79, 14, 'Selon vous, la forme de concurrence entre Airbus et Boeing est en', 0, 1),
(80, 14, 'La définition de la concurrence est', 0, 0),
(81, 14, 'Airbus et Boeing sont concurrents sur le marché', 0, 0),
(82, 14, 'Le chiffre d’affaires d’Airbus en 2014 était d’environ', 0, 0),
(83, 14, 'Le profit unitaire est équivalent au profit moyen', 0, 0),
(84, 14, 'Si une entreprise baisse ses prix de moitié, peut-on dire qu’elle accorde une remise de 50 % ?', 0, 0),
(85, 15, 'Selon vous, la loi de l''offre et de la demande a été formalisée au 20ème siècle par l''économiste', 0, 1),
(86, 15, 'La courbe d''offre est', 0, 0),
(87, 15, 'Le point d’équilibre est', 0, 0),
(88, 15, 'Le marché du pétrole est ', 0, 0),
(89, 15, 'La région du monde la plus productrice en pétrole est', 0, 0),
(90, 15, 'L’ensemble de mécanismes permettant à un marché d’égaliser l’offre et la demande à un prix dit d’équilibre est', 0, 0),
(91, 16, 'Selon vous, le marché des compagnies aériennes est-il en Concurrence pure et parfaite ?', 0, 1),
(92, 16, 'Quel économiste a développé les hypothèses de CPP ?', 0, 0),
(93, 16, 'Quelle est la condition de CPP correspondant à cette définition : L’accès des offreurs ou des demandeurs sur un marché doit être totalement libre', 0, 0),
(94, 16, 'Quelle hypothèse ne correspond-elle pas à la concurrence pure et parfaite ?', 0, 0),
(95, 16, 'Les hypothèses de CPP permettent d’atteindre', 0, 0),
(96, 16, 'L’entreprise « ebay » illustre l’hypothèse de CPP suivante :', 0, 0),
(97, 17, 'Selon vous le marché automobile en France, est-il en oligopole ?', 0, 1),
(98, 17, 'L’oligopole désigne', 0, 0),
(99, 17, 'La concurrence oligopolistique s’exerce essentiellement à travers', 0, 0),
(100, 17, 'Comment « Free mobile » est-elle entrée sur le marché de la téléphonie mobile en septembre 2011 ?', 0, 0),
(101, 17, 'Jusqu’en septembre 2011 il existait 3 opérateurs téléphoniques en France', 0, 0),
(102, 17, 'La concurrence est-elle possible en situation d''oligopole ?', 0, 0),
(103, 18, 'Si la valeur de référence est la valeur de départ, peut-on dire que l''indice est égal au coefficient multiplicateur ?', 0, 1),
(104, 18, 'Entre 2003 et 2010 (base 100 en 2010) les prix immobiliers en France sont passés de 40 à 100 points, cela veut dire qu’ils ont augmenté de 60 %', 0, 0),
(105, 18, 'La formule de l’indice (base 100) est égale à', 0, 0),
(106, 18, 'Le prix mensuel moyen d’un logement étudiant en 2014 pouvait être à Paris de', 0, 0),
(107, 18, 'Une augmentation de 50 points est équivalente à une augmentation de 50 %', 0, 0),
(108, 18, 'En 1996 les prix de logement ancien en France étaient de 80 points d’indice (base 100 en 2000), cela veut dire que', 0, 0),
(109, 19, 'Selon vous, le coût supplémentaire généré par le dernier bien ou le dernier service produit est', 0, 1),
(110, 19, 'L’ensemble des dépenses engagées par une entreprise pour produire des biens et/ou des services', 0, 0),
(111, 19, 'Les éléments nécessaires à la production sont appelés', 0, 0),
(112, 19, 'Quelle proposition ne fait-elle pas partie des coûts fixes ?', 0, 0),
(113, 19, 'La courbe de coût total est égal au', 0, 0),
(114, 19, 'Le coût total moyen est égal', 0, 0),
(115, 19, 'Selon vous, le coût supplémentaire généré par le dernier bien ou le dernier service produit est', 0, 0),
(116, 21, ': L''entreprise X fabrique 500 unités par mois à 100 euros pièce et emploie 5 salariés payés 2000 euros travaillant dans un atelier coûtant 45000 euros. L''entreprise Y fabrique 1000 unités par mois à 150 euros pièce et emploie 10 salariés payés 3000 euros travaillant dans un atelier coûtant 65000 euros Selon vous, l''entreprise la plus productive en volume du travail est', 0, 1),
(117, 21, 'La productivité est ', 0, 0),
(118, 21, 'Quelle est la proposition fausse : la productivité en valeur peut être calculée à partir', 0, 0),
(119, 21, 'La productivité du travail par heure travaillée est égale', 0, 0),
(120, 21, 'La productivité physique est équivalente à', 0, 0),
(121, 21, 'En 2011 selon Eurostat, la productivité de la main-d’œuvre par heure travaillée des salariés français', 0, 0),
(122, 22, 'La CGT est une confédération syndicale', 0, 1),
(123, 23, 'Comment se nomme la monnaie chinoise ?', 0, 1),
(124, 22, 'Les syndicats de salariés défendent leurs', 0, 0),
(125, 24, 'Quel économiste a-t-il écrit l''ouvrage « Théorie générale de l''emploi, de l''intérêt et de la monnaie » ?', 0, 1),
(126, 22, 'La formule du taux de syndicalisation est', 0, 0),
(127, 22, 'En 2014, le taux de syndicalisation en France était d’environ', 0, 0),
(128, 22, 'La formule de la représentativité électorale est', 0, 0),
(129, 25, 'Si sur une période, l''indice des prix à la consommation baisse de 2 %, nous sommes en situation', 0, 1),
(130, 22, 'Les salariés doivent être adhérents au syndicat pour pouvoir faire grève', 0, 0),
(131, 26, 'Le taux d''intérêt directeur est fixé par', 0, 1),
(132, 23, 'Quelle proposition est-elle fausse ? La monnaie permet à toute personne d’acquérir n’importe quel bien ou service', 0, 0),
(133, 27, 'Quel est la contrainte pesant sur une entreprise cotée en bourse ?', 0, 1),
(134, 23, 'La monnaie est un moyen de paiement', 0, 0),
(135, 23, 'La monnaie scripturale', 0, 0),
(136, 23, 'De 1960 à 2010 en France la part de la monnaie divisionnaire dans la masse monétaire', 0, 0),
(137, 28, 'La loi de 2013 autorisant les homosexuel à se marier est appelée', 0, 1),
(138, 24, 'Laquelle de ces propositions est-elle fausse ? La monnaie présente les caractéristiques suivantes :', 0, 0),
(139, 29, 'L''INSEE a développé la classification des Professions et Catégories-Socioprofessionnelles en', 0, 1),
(140, 24, 'La monnaie est un moyen de paiement accepté par', 0, 0),
(141, 24, 'La monnaie remplit des fonctions économiques, sociales et politiques', 0, 0),
(142, 30, 'Une moyenne simple peut être, dans certains cas, égale à une moyenne pondérée', 0, 1),
(143, 24, 'Quelle fonction de la monnaie n''est pas économique parmi les propositions suivantes ?', 0, 0),
(144, 24, 'Quelle fonction de la monnaie n''est pas sociale parmi les propositions suivantes ?', 0, 0),
(145, 31, 'La loi d''Engel a été inventée par', 0, 1),
(146, 25, 'L’inflation est une', 0, 0),
(147, 32, 'Selon vous, le contrôle social évolue-t-il dans le temps ?', 0, 1),
(148, 25, 'L’indice des prix à la consommation est construit par', 0, 0),
(149, 25, 'Si l’augmentation du revenu disponible est supérieure à l’augmentation des prix des produits consommés, le pouvoir d’achat', 0, 0),
(150, 33, 'Selon vous, en France, en quelle année les femmes ont-elle obtenu le droit d''ouvrir un compte en banque sans l''accord  leur mari ?', 0, 1),
(151, 25, 'Si le taux d’inflation en une année passe de 2 % à 1 %, on peut dire que', 0, 0),
(152, 25, 'La désinflation est', 0, 0),
(153, 34, 'Selon vous, le revenu disponible est-il soumis à l''impot ?', 0, 1),
(154, 26, 'En finance, un intérêt est la somme que doit verser', 0, 0),
(155, 26, 'Quelle proposition est-elle fausse ? Pour le prêteur le taux d’intérêt rémunère', 0, 0),
(156, 35, 'Recherchez l''auteur ayant travaillé la notion de justice sociale', 0, 1),
(157, 26, 'Quelle proposition est-elle fausse ? Les critères suivant permettent à la banque de fixer le taux d’intérêt', 0, 0),
(158, 36, 'Selon vous le salaire net est-il soumis à l’impôt ?', 0, 1),
(159, 26, 'Le remboursement de l’emprunt est égal', 0, 0),
(160, 26, 'Le montant des intérêts est égal', 0, 0),
(161, 37, 'Selon vous, tous les Etats du monde prélèvent-ils des impôts ?', 0, 1),
(162, 27, 'L’ensemble des ressources financières d’une entreprise sont destinées à', 0, 0),
(163, 27, 'Le financement intermédié', 0, 0),
(164, 38, 'Si un produit soumis à à un taux de TVA de 20 % coûte 200 euros Toutes Taxes Comprises, quel sera le prix Hors Taxes ?', 0, 1),
(165, 27, 'Quelle proposition est-elle fausse ? Les agents à besoin de financement intervenant sur les marchés financiers', 0, 0),
(166, 39, 'Selon vous, existe-t-il un impôt sur le revenu dans tous les pays du monde ?', 0, 1),
(167, 27, 'Parmi les titres de propriété, il y a', 0, 0),
(168, 27, 'Entre 1980 et 2008, la part dans le financement des entreprises françaises', 0, 0),
(169, 40, 'Selon vous, est-il possible de réduire le déficit public et d''augmenter la dette publique la même année ?', 0, 1),
(170, 28, 'En France, en 2013, majoritairement les personnes vivaient avec un conjoint appartenant', 0, 0),
(171, 41, 'Selon vos connaissances, les Etats-Unis sont-ils un Etat de droit ?', 0, 1),
(172, 28, 'Le plus fréquemment en 2013 les hommes « ouvriers » avaient une conjointe', 0, 0),
(173, 28, 'Parmi les propositions suivantes laquelle est-elle fausse ? Les 3 principales explications de l’homogamie sont', 0, 0),
(174, 42, 'Selon vous, si le taux de croissance économique d''un pays était de 1,5 % en 2015 et 2 % en 2016,  qu''elle a', 0, 1),
(175, 28, 'Parmi les personnes ayant suivi des études « supérieures » quel est le lieu de rencontre le plus fréquent avec leur premier conjoint ?', 0, 0),
(176, 28, 'Quelle proportion de personnes étant en couple, en France en 2013, déclarait avoir eu le « coup de foudre » ?', 0, 0),
(177, 29, 'Les PCS signifient', 0, 0),
(178, 43, 'Selon vous, si un salarié est augmenté de 5 % en 2016 alors que l''inflation est de 1 %,  qu''approximativement, son pouvoir d''achat a', 0, 1),
(179, 29, 'Les PCS sont composées de', 0, 0),
(180, 29, 'Quelle proposition parmi les suivantes ne constitue pas une PCS ?', 0, 0),
(181, 44, 'Selon vous, le nombre de pauvres en France est mesuré par', 0, 1),
(182, 29, 'Un plombier travaillant à son compte fait partie de la PCS ouvriers', 0, 0),
(183, 29, 'Quelle proposition parmi les suivantes ne fait pas partie des critères de construction des PCS ?', 0, 0),
(184, 45, 'Selon vous, le PIB tient-il compte de l''IDH ?', 0, 1),
(185, 30, 'Qu’est-ce que le niveau de vie ?', 0, 0),
(186, 46, 'Selon vous, quel économiste a-t-il développé l''idée que l''innovation occupait une place centrale dans l''économie ?', 0, 1),
(187, 30, 'La somme des valeurs divisée par le nombre de valeurs est la formule de', 0, 0),
(188, 30, 'La médiane est', 0, 0),
(189, 47, 'Selon vous, il existe aussi une élasticité de la demande par rapport ', 0, 1),
(190, 30, 'Le revenu disponible moyen est', 0, 0),
(191, 30, 'Une augmentation du revenu moyen est possible alors que le revenu médian baisse', 0, 0),
(192, 48, 'Un accord international visant à la réduction des émissions de gaz à effet de serre a été signé en 1997,  s''agissait', 0, 1),
(193, 49, 'Selon vous,', 0, 1),
(194, 31, 'Les biens dits « durables » ont une durée de vie de', 0, 0),
(195, 50, 'Selon vous la médiane correspond au décile', 0, 1),
(196, 31, 'La formule du coefficient budgétaire est', 0, 0),
(197, 31, 'Le coefficient budgétaire est compris entre 0 et 1 ou entre 0 % et 100 %', 0, 0),
(198, 51, 'Selon vous, les inégalités sont-elles toujours des discriminations ?', 0, 1),
(199, 31, 'Le premier poste budgétaire des ménages français en 2012 était', 0, 0),
(200, 52, 'Selon vous, les inégalités hommes-femmes au sein du monde du travail sont liées', 0, 1),
(201, 31, 'La loi d’Engel se définit ainsi :', 0, 0),
(202, 32, 'Le contrôle social est l''ensemble des', 0, 0),
(203, 53, 'Selon vous, un français résidant aux Etats-Unis est du point de vue de la France', 0, 1),
(204, 32, 'Les sanctions sont', 0, 0),
(205, 32, 'Les règles de conduites qui s’imposent aux individus dans une société sont', 0, 0),
(206, 54, 'Selon vous, quel sociologue français a-t-il écrit le livre sur l''école intitulé " La reproduction " ?', 0, 1),
(207, 32, 'Le contrôle social formel est exercé par des instances', 0, 0),
(208, 55, 'Selon vous, à quelle périodicité les tables de mobilité de l''INSEE sont-elles renouvelées ?', 0, 1),
(209, 32, 'Parmi les propositions suivantes, laquelle ne fait pas partie des instances de contrôle social informel ?', 0, 0),
(210, 56, 'Selon vous, le SMIC en France date de', 0, 1),
(211, 57, 'Selon vous, la situation d''un stagiaire peut-elle être considérée comme précaire ?', 0, 1),
(212, 33, 'Une attitude qui s’écarte des normes sociales est appelée', 0, 0),
(213, 33, 'Une transgression de normes juridiques est appelée', 0, 0),
(214, 58, 'Selon vous un solde commercial « structurellement déficitaire » signifie', 0, 1),
(215, 33, 'Tous les délinquants ne sont pas déviants', 0, 0),
(216, 59, 'Selon vous, comment s''appelle la théorie économique opposée au libre échange ?', 0, 1),
(217, 33, 'Il existe un « cercle vicieux » ', 0, 0),
(218, 33, 'Parmi les propositions suivantes, laquelle est-elle fausse ? Ce sont des exemples de déviance et non de délinquance', 0, 0),
(219, 60, 'Selon vous comment s''appelle le mouvement social opposé aux traités de libre échange depuis les années 1990 ?', 0, 1),
(220, 34, 'Les revenus d’activité sont composés', 0, 0),
(221, 61, 'Selon vous, quel pays en 2015 était proche de sortir de la zone euro ?', 0, 1),
(222, 34, 'Quel type de revenu ne fait pas partie des revenus de la propriété ?', 0, 0),
(223, 62, 'Selon vous, quel économiste a-t-il développé " le carré magique " ?', 0, 1),
(224, 34, 'Quelle proposition parmi les suivantes ne fait pas partie du champ de la redistribution ?', 0, 0),
(225, 34, 'Le revenu disponible permet de consommer et d’épargner', 0, 0),
(226, 34, 'La bourse scolaire fait partie', 0, 0),
(227, 35, 'L’Etat social étend son champ d’intervention dans les domaines', 0, 0),
(228, 35, 'Lorsqu’une partie des revenus de certains agents économiques se trouve reversée au profit d’autres, il s’agit', 0, 0),
(229, 35, 'La redistribution horizontale couvre les', 0, 0),
(230, 35, 'L’Etat social répond à deux logiques. Quelle proposition parmi les suivantes est-elle fausse ?', 0, 0),
(231, 35, 'Le principe politique et moral qui a pour objectif une égalité des droits et une solidarité collective qui permet une redistribution équitable des richesses correspond à', 0, 0),
(232, 62, 'La politique conjoncturelle est', 0, 0),
(233, 62, 'Parmi les propositions suivantes, laquelle n’appartient pas au « carré magique » ?', 0, 0),
(234, 36, 'Quelle formule est-elle juste parmi les propositions suivantes ?', 0, 0),
(235, 62, 'Tous les objectifs de la politique conjoncturelle sont liés positivement entre eux', 0, 0),
(236, 62, 'L’inflation améliore la compétitivité', 0, 0),
(237, 36, 'Les cotisations sociales sont', 0, 0),
(238, 62, 'La croissance peut être inflationniste', 0, 0),
(239, 36, 'Le salaire brut est plus élevé que le salaire net', 0, 0),
(240, 36, 'Les cotisations sociales sont égales', 0, 0),
(241, 61, 'La Zone Euro est aussi appelée', 0, 0),
(242, 36, 'Le salaire socialisé est la partie du salaire mise en commun et permettant d’être sécurisé', 0, 0),
(243, 61, 'L''Euro est une', 0, 0),
(244, 37, 'Les prélèvements obligatoires en France sont constitués des', 0, 0),
(245, 61, 'Les critères de la Zone Euro sont aussi appelés', 0, 0),
(246, 37, 'Les cotisations sociales sont payées par', 0, 0),
(247, 61, 'Quel critère parmi les propositions suivantes ne fait pas partie des critères de la Zone Euro', 0, 0),
(248, 61, 'Combien de pays étaient membres fondateurs de l’Euro ?', 0, 0),
(249, 37, 'Les impôts directs sont payés par', 0, 0),
(250, 37, 'Les impôts indirects sont payés par', 0, 0),
(251, 37, 'Les prélèvements obligatoires sont essentiellement', 0, 0),
(252, 60, 'Le protectionnisme désigne les instruments utilisés par un Etat pour protéger', 0, 0),
(253, 38, 'La TVA est un', 0, 0),
(254, 60, 'Les barrières tarifaires sont constituées des', 0, 0),
(255, 38, 'La TVA est incluse dans le prix de vente', 0, 0),
(256, 38, 'Les recettes de la TVA ont baissé en 2009', 0, 0),
(257, 38, 'La TVA est l’impôt qui a rapporté le plus de recettes à l’État en 2014', 0, 0),
(258, 60, 'Pour les partisans du protectionnisme, il existe des domaines stratégiques. Quelle proposition n’en fait pas partie', 0, 0),
(259, 38, 'La formule du prix TTC est', 0, 0),
(260, 60, 'Le « protectionnisme éducateur » est une notion développée par', 0, 0),
(261, 60, 'Tous les protectionnistes sont des partisans du « protectionnisme éducateur »', 0, 0),
(262, 39, 'L’impôt sur le revenu est un', 0, 0),
(263, 39, 'L’impôt sur le revenu est payé par', 0, 0),
(264, 59, 'Le libre échange propose d’empêcher', 0, 0),
(265, 59, 'La DIT est la', 0, 0),
(266, 39, 'L’impôt sur le revenu ne comprend pas l’une des caractéristiques suivantes, laquelle ?', 0, 0),
(267, 59, 'Le libre échange incite les pays à se spécialiser', 0, 0),
(268, 39, 'Un impôt redistributif a pour objectif de', 0, 0),
(269, 59, 'David Ricardo a développé la théorie', 0, 0),
(270, 39, 'L’impôt sur le revenu représentait en 2014 environ', 0, 0),
(271, 59, 'Les partisans du libre échange défendent la baisse des barrières', 0, 0),
(272, 58, 'Les importations sont', 0, 0),
(273, 40, 'Il y a une situation de déficit public quand', 0, 0),
(274, 58, 'Les exportations sont', 0, 0),
(275, 40, 'Les dépenses publiques sont constituées des', 0, 0),
(276, 58, 'La formule du solde commercial est égale à', 0, 0),
(277, 40, 'L’accumulation des besoins de financement des périodes successives des administrations publiques est', 0, 0),
(278, 58, 'Un solde commercial en excédent est', 0, 0),
(279, 58, 'Le solde commercial est aussi appelé la balance commerciale', 0, 0),
(280, 40, 'Le service de la dette française représente le paiement', 0, 0),
(281, 57, 'La formation est', 0, 0),
(282, 40, 'Le service de la dette fait', 0, 0),
(283, 57, 'L’effort financier de formation d’un pays peut se mesurer avec la formule suivante', 0, 0),
(284, 41, 'L’Etat de droit peut se définir comme un ', 0, 0),
(285, 41, 'Parmi les propositions suivantes laquelle est-elle fausse ? La légalité', 0, 0),
(286, 57, 'Quel critère parmi ceux proposés ne fait pas partie de ceux permettant de définir la qualification', 0, 0),
(287, 41, 'La séparation des pouvoirs', 0, 0),
(288, 57, 'La convention de stage est signée entre 3 parties, quelle est la proposition fausse parmi les suivantes ?', 0, 0),
(289, 57, 'La loi française impose une indemnisation minimale pour les stagiaires', 0, 0),
(290, 41, 'Le droit « répressif »', 0, 0),
(291, 41, 'Les normes juridiques', 0, 0),
(292, 56, 'Le SMIC signifie', 0, 0),
(293, 42, 'La croissance économique est', 0, 0),
(294, 56, 'La quantité de travail que fournissent les travailleurs en échange d’une rémunération est', 0, 0),
(295, 56, 'La quantité de travail dont les entreprises ont besoin pour pouvoir produire est', 0, 0),
(296, 42, 'La formule du taux de croissance est', 0, 0),
(297, 42, 'Si le taux de croissance économique d’une année à l’autre passe de 2 % à 1 %, peut-on dire que le Produit intérieur brut baisse', 0, 0),
(298, 56, 'Selon les économistes keynésiens le chômage est', 0, 0),
(299, 42, 'Si le taux de croissance économique est négatif, peut-on dire que le Produit intérieur brut baisse', 0, 0),
(300, 56, 'Le salaire minimum peut être responsable du chômage selon les économistes', 0, 0),
(301, 42, 'Entre les années 1970 et 2010 en tendance linéaire, le taux de croissance économique de la France est', 0, 0),
(302, 55, 'La mobilité sociale intergénérationnelle', 0, 0),
(303, 55, 'La mobilité sociale intragénérationnelle', 0, 0),
(304, 43, 'Le pouvoir d’achat se définit par', 0, 0),
(305, 55, 'Les tables de mobilité sont construites à partir', 0, 0),
(306, 43, 'Quelle est la réponse fausse parmi les suivantes ? Le pouvoir d’achat augmente si', 0, 0),
(307, 55, 'La diagonale des tables de mobilité représente la situation de', 0, 0),
(308, 43, 'La formule exacte de la Donnée en volume est', 0, 0),
(309, 55, 'La mobilité sociale structurelle dépend de', 0, 0),
(310, 43, 'Quelle est la réponse fausse parmi les suivantes ? Lorsque l’effet de l’inflation n’est pas corrigé :', 0, 0),
(311, 54, 'Est-il recommandé de réviser ses cours tout en étant connecté à un réseau social par internet ?', 0, 0),
(312, 54, 'Plus le diplôme du père est élevé et moins l’enfant a de chance d’entrer en classe de 3 ème avec du retard', 0, 0),
(313, 54, 'Parmi les propositions suivantes, laquelle est fausse ? La réussite scolaire dépend en partie', 0, 0),
(314, 43, 'Quelle est la réponse fausse parmi les suivantes ? Lorsque l’effet de l’inflation est corrigé :', 0, 0),
(315, 44, 'La pauvreté peut-être', 0, 0),
(316, 54, 'A l’école primaire, selon l''INSEE, se déclarent dépassées par l’aide aux devoirs', 0, 0),
(317, 44, 'On considère comme pauvre, une personne dont les revenus sont', 0, 0),
(318, 44, 'Le niveau de vie médian partage en deux parties égales la population selon son revenu', 0, 0),
(319, 54, 'Lorsque ses parents ne sont pas diplômés', 0, 0),
(320, 44, 'Quel seuil de pauvreté n’est pas utilisé ?', 0, 0),
(321, 53, 'Un immigré est une personne', 0, 0),
(322, 44, 'Le taux de pauvreté est plus élevé au sein des familles', 0, 0),
(323, 53, 'Un étranger est une personne', 0, 0),
(324, 53, 'Tous les étrangers sont des immigrés', 0, 0),
(325, 45, 'L’IDH utilise deux critères d’accès à l’éducation, lequel n’en fait pas partie ?', 0, 0),
(326, 53, 'La part des étrangers dans la population est exprimée en', 0, 0),
(327, 45, 'L’IDH a été inventé par Amartya Sen', 0, 0),
(328, 53, 'On peut être immigré et français', 0, 0),
(329, 45, 'L’IDH permet de s’intéresser à l’espérance de vie', 0, 0),
(330, 52, 'Une situation d’inégalité sociale est', 0, 0),
(331, 52, 'Les femmes en 2012 en France étaient majoritaires parmi les', 0, 0),
(332, 45, 'Quelle dimension n’est pas prise en compte par l’IDH ?', 0, 0),
(333, 52, 'Les hommes en 2012 en France étaient majoritaires parmi les', 0, 0),
(334, 45, 'L’IDH est compris entre', 0, 0),
(335, 46, 'Une innovation est un synonyme d’une invention', 0, 0),
(336, 52, 'En 2010 en France, le salaire mensuel moyen en équivalent temps plein des femmes comparé à celui des hommes', 0, 0),
(337, 52, 'En 2008 en France, la part des femmes dirigeantes d’entreprises comparée à celle des hommes', 0, 0),
(338, 46, 'Une innovation radicale est', 0, 0),
(339, 51, 'Les inégalités économiques et sociales présentent un caractère', 0, 0),
(340, 46, 'Laquelle de ces propositions est-elle fausse ? Les innovations peuvent être', 0, 0),
(341, 51, 'Les ZUS sont des', 0, 0),
(342, 46, 'Le progrès technique permet souvent de générer des gains de productivité', 0, 0),
(343, 51, 'Les Zones urbaines sensibles ne présentent pas l’une des caractéristiques suivantes', 0, 0),
(344, 51, 'Les habitants des Zones urbaines sensibles peuvent assez facilement se constituer un patrimoine', 0, 0),
(345, 46, 'Le progrès technique permet d’augmenter en général la richesse', 0, 0),
(346, 51, 'Les habitants de Zones urbaines sensibles subissent le phénomène de discrimination', 0, 0),
(347, 50, 'Les quantiles sont des valeurs ordonnées en', 0, 0),
(348, 47, 'L’élasticité est dite forte si sa valeur absolue est', 0, 0),
(349, 47, 'Parmi les suivantes, quelle est la proposition fausse sur l’élasticité ?', 0, 0),
(350, 50, 'Le cinquième décile correspond à', 0, 0),
(351, 47, 'La formule de l’élasticité-prix de la demande est', 0, 0),
(352, 50, 'Le premier décile de revenu disponible des ménages correspond', 0, 0),
(353, 47, 'Une demande inélastique au prix est', 0, 0),
(354, 47, 'Le luxe présente une élasticité-prix de la demande est', 0, 0),
(355, 50, 'La formule du rapport interdécile est', 0, 0),
(356, 50, 'Le rapport interdécile est l’écart de niveau de vie entre les 10 % les plus riches et les 10 % les plus pauvres', 0, 0),
(357, 48, 'Les politiques de lutte contre la pollution sont', 0, 0),
(358, 48, 'Parmi les propositions suivantes, la quelle est-elle fausse. On peut encourager les entreprises à adopter des comportement vertueux grâce à', 0, 0),
(359, 49, 'Le patrimoine est', 0, 0),
(360, 49, 'Le patrimoine financier ne comprend pas', 0, 0),
(361, 48, 'Le principe du « pollueur-payeur » consiste à', 0, 0),
(362, 49, 'Le patrimoine incorporel ne comprend pas ', 0, 0),
(363, 48, 'Les marchés dits « du carbone » sont des marchés', 0, 0),
(364, 49, 'Le patrimoine peut provenir d''un héritage', 0, 0),
(365, 48, 'Les seuils d’émission de produits polluants permettent d’établir différents degrés de qualité de l’air', 0, 0),
(366, 49, 'La partie du revenu, pendant une période donnée, qui n’est pas consommée est appelée', 0, 0);

-- --------------------------------------------------------

--
-- Structure de la table `Reponses`
--

CREATE TABLE IF NOT EXISTS `Reponses` (
  `idReponse` int(3) NOT NULL AUTO_INCREMENT,
  `idQuestion` int(3) NOT NULL,
  `reponse` varchar(500) DEFAULT NULL,
  `correct` tinyint(1) NOT NULL DEFAULT '0',
  PRIMARY KEY (`idReponse`),
  KEY `idQuestion` (`idQuestion`)
) ENGINE=MyISAM  DEFAULT CHARSET=utf8 AUTO_INCREMENT=1324 ;

--
-- Contenu de la table `Reponses`
--

INSERT INTO `Reponses` (`idReponse`, `idQuestion`, `reponse`, `correct`) VALUES
(1, 1, 'Oui', 1),
(2, 1, 'Non', 0),
(3, 1, 'Ca depend', 0),
(4, 2, 'D’extériorisation des normes propres à une société', 0),
(5, 2, 'D’extériorisation des normes et valeurs propres à une société', 0),
(6, 2, 'D’intériorisation des normes et valeurs propres à une société', 1),
(7, 2, 'D’intériorisation des valeurs propres à une société', 0),
(8, 3, 'Une valeur', 0),
(9, 3, 'Une norme', 1),
(284, 78, '25 millions de dollars', 0),
(11, 3, 'Une norme et une valeur', 0),
(12, 3, 'Ni l''un ni l''autre', 0),
(13, 4, 'Vrai', 0),
(14, 4, 'Faux', 1),
(15, 4, 'Ca depend', 0),
(16, 5, 'Les médias', 0),
(17, 5, 'Les groupes de pairs', 0),
(18, 5, 'Le monde professionnel', 1),
(19, 5, 'L''école', 0),
(20, 5, 'La famille', 0),
(21, 6, 'Oui', 0),
(22, 6, 'Non', 1),
(23, 7, '45.8 millions', 0),
(24, 7, '14.8 millions', 1),
(25, 7, '24.1 %', 0),
(26, 7, '32.3 %', 0),
(27, 7, '03.9 milliers', 0),
(28, 8, 'Karl Marx', 0),
(29, 8, 'Max Weber', 0),
(30, 8, 'Emile Durkheim', 1),
(31, 8, 'Pierre Bourdieu', 0),
(32, 9, 'Les comportements des groupes sociaux et tente d’en étudier les fondements', 0),
(33, 9, 'Les comportements des individus en tant que membres d’un corps social et tente d’en étudier les fondements', 1),
(34, 9, 'Les comportements de la société et tente d’en étudier les fondements', 0),
(35, 10, 'Vrai', 0),
(36, 10, 'Faux', 0),
(37, 10, 'Ca dépend', 0),
(40, 11, 'Alimentation en trop grande quantité', 0),
(41, 11, 'Alimentation trop bien cuisinée', 1),
(42, 11, 'Alimentation non équilibrée', 0),
(43, 11, 'Manque de marche quotidienne', 0),
(44, 11, 'Manque d’activité physique', 0),
(45, 13, 'Les Etats-Unis', 0),
(46, 13, 'La France', 0),
(47, 13, 'Le Mexique', 1),
(48, 13, 'La Chine', 0),
(49, 13, 'L’Inde', 0),
(50, 14, 'Utiliser des biens ou des services', 0),
(51, 14, 'Acheter des biens ou des services', 0),
(52, 14, 'Détruire des biens ou des services', 0),
(53, 14, 'Vendre des biens ou des services', 1),
(54, 15, 'Vrai', 0),
(55, 15, 'Faux', 0),
(56, 15, 'Ca dépend', 0),
(57, 16, '8 % du prix', 1),
(58, 16, '17 % du prix', 0),
(59, 16, '29 % du prix', 0),
(60, 16, '42 % du prix', 0),
(61, 17, 'Produit de luxe', 0),
(62, 17, 'Marqueur social', 1),
(63, 17, 'Effet d’imitation', 0),
(64, 17, 'Effet de distinction', 0),
(65, 18, 'A montrer un statut social, un mode de vie ou une personnalité', 1),
(66, 18, 'A s’habiller correctement pour travailler', 0),
(67, 18, 'A satisfaire des besoins', 0),
(68, 19, 'de masse', 0),
(69, 19, 'de vacances', 0),
(70, 19, 'ostentatoire', 1),
(71, 19, 'de besoin', 0),
(72, 19, 'exceptionnelle', 0),
(73, 20, 'Présenter une répartition', 1),
(74, 20, 'Mesurer une évolution', 0),
(75, 20, 'Etablir une comparaison', 0),
(76, 20, 'Aucune des réponses précédentes', 0),
(77, 21, 'Oui', 0),
(78, 21, 'Non', 0),
(79, 21, 'Ni l''un ni l''autre', 0),
(80, 22, 'Le pourcentage de personnes étant parti en vacances 4 nuits consécutives au cours des 12 derniers mois précédant  l’enquête', 1),
(81, 22, 'Le pourcentage de personnes étant parti en vacances 12 nuits consécutives au cours des 4 derniers mois précédant  l’enquête', 0),
(82, 22, 'Le nombre de personnes étant parti en vacances 4 nuits consécutives au cours des 12 derniers mois précédant  l’enquête', 0),
(83, 22, 'Le nombre de personnes étant parti en vacances 12 nuits consécutives au cours des 4 derniers mois précédant  l’enquête', 0),
(84, 23, 'Financières', 0),
(85, 23, 'Familiales', 0),
(86, 23, 'De chaleur', 1),
(87, 23, 'De santé', 0),
(88, 24, 'Plus longs', 0),
(89, 24, 'Plus courts', 1),
(90, 24, 'Moins chers', 0),
(91, 24, 'Aucune des réponses précédentes', 0),
(92, 25, 'entreprise privée', 0),
(93, 25, 'entreprise publique', 1),
(94, 25, 'administration', 0),
(95, 25, 'association', 0),
(96, 25, 'organisation non productive', 0),
(97, 26, 'Ensemble destiné à fabriquer des produits', 0),
(98, 26, 'Ensemble destiné à fournir des biens ou des services', 1),
(99, 26, 'Ensemble destiné à produire des marchandises', 0),
(100, 26, 'Aucune des réponses précédentes', 0),
(101, 27, 'Produisent des biens ou services', 0),
(102, 27, 'Réalisent un bénéfice', 0),
(103, 27, 'Satisfont des besoins collectifs', 1),
(104, 27, 'Répondent à des besoins solvables', 0),
(105, 28, 'Des impôts', 1),
(106, 28, 'Des dons', 0),
(107, 28, 'Des subventions', 0),
(108, 28, 'Des cotisations', 0),
(109, 29, 'Facebook', 0),
(110, 29, 'L''Éducation nationale', 1),
(111, 29, 'La poste', 0),
(112, 30, 'D''un million de repas', 0),
(113, 30, 'De 10 millions de repas', 0),
(114, 30, 'De 100 millions de repas', 0),
(115, 30, 'D''un milliard de repas', 1),
(116, 31, '300.000 euros', 0),
(117, 31, '150.000 euros', 0),
(118, 31, '350.000 euros', 1),
(119, 31, '250.000 euros', 0),
(120, 31, '200.000 euros', 0),
(121, 32, 'Chiffre d’affaires – Coûts de production', 0),
(122, 32, 'Recettes – Dépenses', 0),
(123, 32, 'Valeur de la production – Consommations intermédiaires', 1),
(124, 33, 'Matières premières', 0),
(125, 33, 'Outils', 1),
(126, 33, 'Electricité', 0),
(127, 33, 'Fournitures de bureau', 0),
(128, 34, 'Le PNB', 0),
(129, 34, 'Le PIB', 1),
(130, 34, 'L'' IDH', 0),
(131, 35, 'D''un an', 0),
(132, 35, 'De moins d''un an', 1),
(133, 35, 'De plus d''un an', 0),
(134, 35, 'Eternelle', 0),
(135, 36, 'Le total des ventes de biens et services facturées sur un exercice', 1),
(136, 36, 'Le total des bénéfices réalisés sur une année', 0),
(137, 36, 'Le total des dépenses réalisées sur une année', 0),
(138, 37, 'Oui', 1),
(139, 37, 'Non', 0),
(140, 37, 'Ca dépend', 0),
(141, 38, 'Vrai', 1),
(142, 38, 'Faux', 0),
(143, 38, 'Ni l''un ni l''autre', 0),
(144, 39, 'A la moitié', 0),
(145, 39, 'Au tiers', 0),
(146, 39, 'Aux deux tiers', 0),
(147, 39, 'Aux trois quarts', 1),
(148, 40, 'Vrai', 1),
(149, 40, 'Faux', 0),
(150, 40, 'Ni l''un ni l''autre', 0),
(151, 41, 'Peugeot', 0),
(152, 41, 'Volkswagen', 0),
(153, 41, 'General Motors', 1),
(154, 41, 'Toyota', 0),
(155, 42, 'Un peu moins d’un quart', 1),
(156, 42, 'Un peu plus d’un dixième', 0),
(157, 42, 'Environ un cinquième', 0),
(158, 42, 'Presque un tiers', 0),
(159, 43, 'l''écart absolu est de 2', 0),
(160, 43, 'le taux de variation est de 2', 0),
(161, 43, 'Le coefficient multiplicateur est de 2', 1),
(162, 43, 'L''évolution est de 2', 0),
(163, 44, 'Utilité', 0),
(164, 44, 'Distinction', 1),
(165, 44, 'Prix accessible', 0),
(166, 44, 'Produit nouveau', 0),
(167, 45, '(Valeur d’arrivée – valeur de départ) / Valeur de départ', 1),
(168, 45, '(Valeur d’arrivée – valeur de départ) / Valeur d’arrivée', 0),
(169, 45, 'Valeur d’arrivée – Valeur de départ', 0),
(170, 45, 'Valeur d’arrivée / Valeur de départ', 0),
(171, 46, 'L’écart absolu', 0),
(172, 46, 'Le coefficient multiplicateur', 1),
(173, 46, 'Le taux de variation', 0),
(174, 46, 'Aucune des réponses précédentes', 0),
(175, 47, '48 %', 0),
(176, 47, '148 %', 1),
(177, 47, '948 %', 0),
(178, 47, 'Aucune des réponses précédentes', 0),
(179, 48, 'Paris climat', 0),
(180, 48, 'Sommet 2015', 0),
(181, 48, 'COP 21', 1),
(182, 48, 'CO2 Paris', 0),
(183, 48, '2015 Climat', 0),
(184, 49, 'Le métro', 0),
(185, 49, 'Le tramway', 0),
(186, 49, 'Le bus', 0),
(187, 49, 'La voiture particulière', 1),
(188, 50, 'L’aérien', 0),
(189, 50, 'Le ferroviaire', 1),
(190, 50, 'Le maritime', 0),
(191, 50, 'Le routier', 0),
(192, 51, 'Plusieurs lignes', 0),
(193, 51, 'Plusieurs colonnes', 0),
(194, 51, 'Plusieurs colonnes et plusieurs lignes', 0),
(195, 51, 'Une ligne avec plusieurs colonnes ou une colonne avec plusieurs lignes', 1),
(196, 52, 'Vrai', 1),
(197, 52, 'Faux', 0),
(198, 52, 'Ni l''un ni l''autre', 0),
(199, 53, 'Oui', 1),
(200, 53, 'Non', 0),
(201, 53, 'Ni l''un ni l''autre', 0),
(202, 54, 'Elle entraîne des externalités positives', 1),
(203, 54, 'Elle entraîne des externalités négatives', 0),
(204, 54, 'Elle entraîne des externalités neutres', 0),
(205, 54, 'Elle n''entraîne aucune externalité', 0),
(206, 55, 'Le fait que l’activité de production d’un agent affecte le bien-être d’un autre sans qu’aucun des deux ne reçoive ou paye  une compensation', 0),
(207, 55, 'Le fait que l’activité de consommation d’un agent affecte le bien-être d’un autre sans qu’aucun des deux ne reçoive ou  paye une compensation', 0),
(208, 55, 'Le fait que l’activité de production ou de consommation d’un agent affecte le bien-être d’un autre sans qu’aucun des  deux ne reçoive ou paye une compensation', 1),
(209, 56, 'Une imperfection du marché', 0),
(210, 56, 'Une défaillance du marché', 1),
(211, 56, 'Une hypothèse du marché', 0),
(212, 57, 'Transport en commun', 0),
(213, 57, 'Transport en voiture', 1),
(214, 57, 'Transport en train', 0),
(215, 58, 'Des externalités négatives', 1),
(216, 58, 'Des externalités positives', 0),
(217, 58, 'Des externalités neutres', 0),
(218, 59, 'En Chine', 0),
(219, 59, 'En Europe', 1),
(220, 59, 'En Inde', 0),
(221, 60, 'La population inactive – La population totale', 0),
(222, 60, 'La population totale / La population inactive', 0),
(223, 60, 'La population totale - La population inactive', 1),
(224, 60, 'La population active occupée – La population totale', 0),
(225, 60, 'La population active occupée / La population totale', 0),
(226, 61, 'De la population inactive', 0),
(227, 61, 'De la population active', 1),
(228, 61, 'De la population active occupée', 0),
(229, 62, 'Chaque mois', 1),
(230, 62, 'Chaque trimestre', 0),
(231, 62, 'Par enquête téléphonique', 0),
(232, 63, 'Population active / Nombre de demandeurs d’emploi (en %)', 0),
(233, 63, 'Nombre de demandeurs d’emploi / Population active (en %)', 1),
(234, 63, 'Population active / Nombre de chômeurs (en %)', 0),
(235, 64, '1.5 millions', 0),
(236, 64, '3.5 millions', 1),
(237, 64, '5.5 millions', 0),
(238, 64, '7.5 millions', 0),
(239, 65, 'A augmenté', 1),
(240, 65, 'Est resté stable', 0),
(241, 65, 'A baissé', 0),
(242, 65, 'A été supprimé', 0),
(243, 66, 'Le malade diplômé', 0),
(244, 66, 'La mesure du chômage', 0),
(245, 66, 'Licence master doctorat', 1),
(246, 66, 'Littérature en maîtrise diplômée', 0),
(247, 67, 'A légèrement augmenté', 0),
(248, 67, 'A globalement baissé', 0),
(249, 67, 'Est resté globalement stable', 0),
(250, 67, 'A fortement augmenté', 1),
(251, 68, 'Les ouvriers', 1),
(252, 68, 'Les cadres', 0),
(253, 68, 'Les professions intermédiaires', 0),
(254, 68, 'Les artisans, commerçants et chefs d’entreprise', 0),
(255, 69, 'Vrai', 0),
(256, 69, 'Faux', 1),
(257, 70, 'D’accès à l’emploi', 0),
(258, 70, 'De qualité de l’emploi', 0),
(259, 70, 'D’accès au chômage', 1),
(260, 70, 'De salaire', 0),
(261, 71, 'Vrai', 1),
(262, 71, 'Faux', 0),
(263, 72, 'Oui', 0),
(264, 72, 'Non', 1),
(265, 72, 'Ca dépend', 0),
(266, 73, 'De 12 à 18 ans', 0),
(267, 73, 'De 15 à 21 ans', 0),
(268, 73, 'De 18 à 24 ans', 0),
(269, 73, 'De 16 à 24 ans', 1),
(270, 74, 'Disposant d’un emploi parmi la population active', 0),
(271, 74, 'Disposant d’un emploi parmi la population totale', 0),
(272, 74, 'Disposant d’un emploi parmi la population en âge de travailler', 1),
(273, 75, 'CDI', 1),
(274, 75, 'CDD', 0),
(275, 75, 'Intérim', 0),
(276, 75, 'Apprentissage', 0),
(277, 76, '10 à 14 ans', 0),
(278, 76, '15 à 24 ans', 1),
(279, 76, '25 à 49 ans', 0),
(280, 76, '50 et plus', 0),
(281, 77, 'Stable', 0),
(282, 77, 'Instable', 1),
(283, 77, 'Ni l''un ni l''autre', 0),
(285, 78, '25 millions d''euros', 0),
(286, 78, '25 milliards de dollars', 1),
(287, 78, '25 milliards d''euros', 0),
(288, 78, '25 milliers de dollars', 0),
(289, 78, '25 milliers d''euros', 0),
(290, 79, 'Monopole', 0),
(291, 79, 'Duopole', 1),
(292, 79, 'Oligopole', 0),
(293, 79, 'CPP', 0),
(294, 80, 'L’existence sur un marché d’une rivalité entre vendeurs et/ou acheteurs d’un même produit', 1),
(295, 80, 'L’existence sur un marché d’une rivalité entre plusieurs vendeurs et/ou acheteurs d’un même produit', 0),
(296, 80, 'L’existence sur un marché d’une rivalité entre un grand nombre de vendeurs et/ou acheteurs d’un même produit', 0),
(297, 81, 'Des compagnies aéroportuaires', 0),
(298, 81, 'Des compagnies aériennes', 0),
(299, 81, 'Des compagnies aéronautiques', 1),
(300, 82, '10 milliards d''euros', 0),
(301, 82, '20 milliards d’euros', 0),
(302, 82, '40 milliards d’euros', 0),
(303, 82, '60 milliards d’euros', 1),
(304, 83, 'Vrai', 1),
(305, 83, 'Faux', 0),
(306, 83, 'Ni l''un ni l''autre', 0),
(307, 84, 'Oui', 1),
(308, 84, 'Non', 0),
(309, 84, 'Ça dépend', 0),
(310, 85, 'Karl Marx', 0),
(311, 85, 'John Maynard Keynes', 0),
(312, 85, 'Adam Smith', 0),
(313, 85, 'Alfred Marshall', 1),
(314, 85, 'David Ricardo', 0),
(315, 86, 'Croissante en fonction du prix', 1),
(316, 86, 'Décroissante en fonction du prix', 0),
(317, 86, 'Croissante en fonction des quantités', 0),
(318, 86, 'Décroissante en fonction des quantités', 0),
(319, 87, 'La rencontre du prix et de la quantité', 0),
(320, 87, 'La rencontre de l’offre et de la demande', 1),
(321, 87, 'Ni l''un ni l''autre', 0),
(322, 88, 'Très variable', 1),
(323, 88, 'Très stable', 0),
(324, 88, 'Toujours en hausse', 0),
(325, 88, 'Aucune des réponses précédentes', 0),
(326, 89, 'La péninsule arabique', 1),
(327, 89, 'L’Amérique du Nord', 0),
(328, 89, 'Le Maghreb', 0),
(329, 89, 'La Russie', 0),
(330, 90, 'La demande', 0),
(331, 90, 'L''offre', 0),
(332, 90, 'La loi de l''offre et de la demande', 1),
(333, 90, 'Le marché', 0),
(334, 91, 'Oui', 0),
(335, 91, 'Non', 1),
(336, 91, 'Ca dépend', 0),
(337, 92, 'Karl Marx', 0),
(338, 92, 'Adam Smith', 0),
(339, 92, 'Léon Walras', 1),
(340, 92, 'John Maynard Keynes', 0),
(341, 93, 'L’atomicité du marché', 0),
(342, 93, 'L’entrée libre du marché', 1),
(343, 93, 'L’homogénéité du produit', 0),
(344, 93, 'La transparence des marchés', 0),
(345, 93, 'La parfaite mobilité des facteurs de production', 0),
(346, 94, 'Atomicité', 0),
(347, 94, 'Libre entrée et sortie sur le marché', 0),
(348, 94, 'Homogénéité', 0),
(349, 94, 'Loi de l’offre et de la demande', 1),
(350, 95, 'Le maximum de profit', 0),
(351, 95, 'Le point d’équilibre de l’offre et de la demande', 1),
(352, 95, 'Le chômage maximum', 0),
(353, 95, 'Aucune des réponses précédentes', 0),
(354, 96, 'L’atomicité du marché', 0),
(355, 96, 'L’entrée libre du marché', 0),
(356, 96, 'L’homogénéité du produit', 0),
(357, 96, 'La transparence des marchés', 1),
(358, 96, 'La parfaite mobilité des facteurs de production', 0),
(359, 97, 'Oui', 1),
(360, 97, 'Non', 0),
(361, 97, 'Ca dépend des années', 0),
(362, 98, 'Une forme de marché caractérisé par un petit nombre de vendeurs face à une multitude d’acheteurs', 1),
(363, 98, 'Une forme de marché caractérisé par une multitude de vendeurs face à un petit nombre d’acheteurs', 0),
(364, 98, 'Une forme de marché caractérisé par une multitude de vendeurs face à une multitude d’acheteurs', 0),
(365, 98, 'Aucune des réponses précédentes', 0),
(366, 99, 'Une concurrence sur les prix', 0),
(367, 99, 'Une concurrence sur la qualité du service', 1),
(368, 99, 'Une concurrence sur les prix et la qualité du service', 0),
(369, 99, 'Aucune des réponses précédentes', 0),
(370, 100, 'En proposant un service de meilleure qualité', 0),
(371, 100, 'En proposant un prix plus bas', 1),
(372, 100, 'En proposant un service de meilleure qualité et un prix plus bas', 0),
(373, 100, 'Aucune des réponses précédentes', 0),
(374, 101, 'Free, SFR, Bouygues Telecom', 0),
(375, 101, 'Orange, SFR, Bouygues Telecom', 1),
(376, 101, 'Orange, Free, SFR', 0),
(377, 101, 'Aucune des réponses précédentes', 0),
(378, 102, 'Oui', 1),
(379, 102, 'Non', 0),
(380, 102, 'Ni l''un ni l''autre', 0),
(381, 103, 'Oui', 0),
(382, 103, 'Non', 1),
(383, 103, 'Ca dépend', 0),
(384, 104, 'Vrai', 0),
(385, 104, 'Faux', 1),
(386, 104, 'Ni l''un ni l''autre', 0),
(387, 105, '(Valeur de la période de référence / Valeur de la période étudiée) X 100', 0),
(388, 105, '(Valeur de la période étudiée / Valeur de la période de référence) X 100', 1),
(389, 105, '(Valeur de la période de référence - Valeur de la période étudiée) / (Valeur de la période étudiée)', 0),
(390, 105, '(Valeur de la période de référence - Valeur de la période étudiée) / (Valeur de la période de référence)', 0),
(391, 106, '553 euros', 0),
(392, 106, '653 euros', 0),
(393, 106, '753 euros', 0),
(394, 106, '853 euros', 1),
(395, 107, 'Vrai', 0),
(396, 107, 'Faux', 0),
(397, 107, 'Ca dépend de la valeur de référence', 1),
(398, 108, 'Les prix ont baissé de 20 % entre 2000 et 1996', 0),
(399, 108, 'Les prix ont baissé de 20 points entre 2000 et 1996', 0),
(400, 108, 'Ni l’un ni l’autre', 1),
(401, 109, 'Le coût total', 0),
(402, 109, 'Le coût fixe', 0),
(403, 109, 'Le coût variable', 0),
(404, 109, 'Le coût marginal', 1),
(405, 109, 'Le coût moyen', 0),
(406, 110, 'Sont le chiffre d’affaires de l’entreprise', 0),
(407, 110, 'Sont les coûts de production de l’entreprise', 1),
(408, 110, 'Aucune des réponses précédentes', 0),
(409, 111, 'Les coûts de production', 0),
(410, 111, 'Les facteurs de production', 1),
(411, 111, 'Le chiffre d’affaires de la production', 0),
(412, 112, 'Fauteuils de bureau', 0),
(413, 112, 'Masse salariale', 1),
(414, 112, 'Locaux', 0),
(415, 112, 'Ordinateurs', 0),
(416, 113, 'Coût fixe + Coût variable', 1),
(417, 113, 'Coût fixe - Coût variable', 0),
(418, 113, 'Coût fixe x Coût variable', 0),
(419, 113, 'Coût fixe / Coût variable', 0),
(420, 114, 'Quantité produite / (Coûts fixes + Coûts variables)', 0),
(421, 114, '(Coûts fixes + Coûts variables) / Quantité produite', 1),
(422, 114, '(Coûts fixes + Coûts variables) / Coût total', 0),
(423, 114, 'Coût total / (Coûts fixes + Coûts variables)', 0),
(1323, 147, 'Ça dépend', 0),
(1322, 147, 'Non', 0),
(429, 116, 'l''entreprise X', 0),
(430, 116, 'l''entreprise Y', 0),
(431, 116, 'Aucune des deux', 1),
(432, 117, 'La somme de production de biens ou de services et les moyens qui ont été nécessaires pour sa réalisation', 0),
(433, 117, 'La totalité de la production de biens ou de services et les moyens qui ont été nécessaires pour sa réalisation', 0),
(434, 117, 'Le rapport entre une production de biens ou de services et les moyens qui ont été nécessaires pour sa réalisation', 1),
(435, 118, 'Des dépenses', 1),
(436, 118, 'Du chiffre d’affaires', 0),
(437, 118, 'De la valeur ajoutée', 0),
(438, 119, 'Quantités produites / Quantité d’heures travaillées', 1),
(439, 119, 'Quantités d’heures travaillées / Quantités produites', 0),
(440, 119, 'Quantités produites par heure / Quantité d’employés', 0),
(441, 120, 'La productivité en volume', 1),
(442, 120, 'La productivité en valeur', 0),
(443, 120, 'La productivité en euros', 0),
(444, 121, 'Etait supérieure à celle des américains', 1),
(445, 121, 'Etait inférieure à celle des américains', 0),
(446, 121, 'Etait égale à celle des américains ', 0),
(447, 122, 'Vrai', 1),
(448, 122, 'Faux', 0),
(449, 122, 'Ca dépend du point de vue', 0),
(450, 123, 'Le Yen', 0),
(451, 123, 'Le Ying', 0),
(452, 123, 'Le Yang', 0),
(453, 123, 'Le Yuan', 1),
(454, 124, 'Intérêts salariaux et politiques', 0),
(455, 124, 'Intérêts professionnels et moraux', 1),
(456, 124, 'Intérêts catégoriels et historiques', 0),
(457, 125, 'Karl Marx', 0),
(458, 125, 'Adam Smith', 0),
(459, 125, 'John Maynard Keynes', 1),
(460, 125, 'Alfred Marshall', 0),
(461, 125, 'Amartya Sen', 0),
(462, 126, 'Salariés non syndiqués – Salariés syndiqués', 0),
(463, 126, 'Salariés syndiqués / Ensemble des salariés', 1),
(464, 126, 'Ensemble des salariés + Salariés syndiqués', 0),
(465, 127, '8 %', 1),
(466, 127, '15 %', 0),
(467, 127, '24%', 0),
(468, 127, '39%', 0),
(469, 128, 'Salariés syndiqués / Ensemble des salariés', 0),
(470, 128, 'Ensemble des salariés / Salariés syndiqués', 0),
(471, 128, 'Salariés votant aux élections syndicales / Ensemble des salariés', 1),
(472, 128, 'Ensemble des salariés / Salariés votant aux élections syndicales', 0),
(473, 129, 'd''inflation', 0),
(474, 129, 'de désinflation', 0),
(475, 129, 'de déflation', 1),
(476, 129, 'Aucune des réponses précédentes', 0),
(477, 130, 'Vrai', 0),
(478, 130, 'Faux', 1),
(479, 130, 'Ca dépend', 0),
(480, 131, 'Les banques d''affaires', 0),
(481, 131, 'Les banques privées', 0),
(482, 131, 'Les banques publiques', 0),
(483, 131, 'La banque centrale', 1),
(484, 131, 'L''Etat', 0),
(485, 132, 'Sur un territoire donné', 0),
(486, 132, 'A tout moment', 0),
(487, 132, 'Ni l’un ni l’autre', 1),
(488, 133, 'Payer des intérêts', 0),
(489, 133, 'Payer des dividendes', 1),
(490, 133, 'Payer des impôts', 0),
(491, 133, 'Payer des salaires', 0),
(492, 134, 'Accepté par une communauté et garanti par une autorité politique', 1),
(493, 134, 'Accepté par une autorité politique et garanti par une communauté', 0),
(494, 134, 'Accepté par une communauté politique et garanti par une autorité', 0),
(495, 135, 'L’ensemble des billets de banque émis par la banque centrale', 0),
(496, 135, 'L’ensemble des dépôts des agents économiques auprès des banques', 1),
(497, 135, 'L’ensemble des pièces qui contrairement à la monnaie métallique n’a pas de valeur intrinsèque', 0),
(498, 136, 'A baissé', 1),
(499, 136, 'A augmenté', 0),
(500, 136, 'A été stable', 0),
(501, 137, 'La manif pour tous', 0),
(502, 137, 'Le mariage pour tous', 1),
(503, 137, 'Le mariage gay', 0),
(504, 137, 'Le mariage homosexuel', 0),
(505, 138, 'Universelle', 0),
(506, 138, 'Chère', 1),
(507, 138, 'Immédiate', 0),
(508, 138, 'Sans coût', 0),
(509, 139, '1957', 0),
(510, 139, '1968', 0),
(511, 139, '1982', 1),
(512, 139, '1997', 0),
(513, 139, '2001', 0),
(514, 140, 'Un peuple', 0),
(515, 140, 'Une nation', 0),
(516, 140, 'Une communauté', 1),
(517, 140, 'Un empire', 0),
(518, 141, 'Vrai', 1),
(519, 141, 'Faux', 0),
(520, 141, 'Ca dépend', 0),
(521, 142, 'Oui', 1),
(522, 142, 'Non', 0),
(523, 143, 'Etalon de valeur', 0),
(524, 143, 'Intermédiaire des échanges', 0),
(525, 143, 'Facteur pacificateur', 1),
(526, 143, 'Réserve de valeur', 0),
(527, 144, 'Sentiment d''appartenance à une communauté', 0),
(528, 144, 'Garantie par une autorité politique', 1),
(529, 144, 'Facteur pacificateur', 0),
(530, 145, 'Friedrichs Engel', 0),
(531, 145, 'Ernst Engel', 1),
(532, 145, 'Pascal Engel', 0),
(533, 145, 'Vincent Engel', 0),
(534, 146, 'Augmentation générale et durable des prix', 1),
(535, 146, 'Augmentation générale et de durée courte des prix', 0),
(536, 146, 'Baisse générale et durable des prix', 0),
(537, 146, 'Baisse générale et de durée courte des prix', 0),
(538, 147, 'Oui', 1),
(539, 148, 'Le ministère des Finances', 0),
(540, 148, 'L’INSEE', 1),
(541, 148, 'La banque centrale', 0),
(542, 148, 'La Fed', 0),
(543, 149, 'Est stable', 0),
(544, 149, 'Baisse', 0),
(545, 149, 'Augmente', 1),
(546, 150, '1789', 0),
(547, 150, '1871', 0),
(548, 150, '1917', 0),
(549, 150, '1945', 0),
(550, 150, '1965', 1),
(551, 151, 'Les prix augmentent', 1),
(552, 151, 'Les prix baissent', 0),
(553, 151, 'Les prix sont stables', 0),
(554, 152, 'Une baisse des prix', 0),
(555, 152, 'Un ralentissement de l’augmentation des prix', 1),
(556, 152, 'Une augmentation de la baisse des prix', 0),
(557, 153, 'Oui', 1),
(558, 153, 'Non', 0),
(559, 153, 'Ca dépend', 0),
(560, 154, 'Sous forme de revenus, un emprunteur à celui qui lui a prêté de l’argent pour pouvoir en faire usage', 1),
(561, 154, 'Sous forme de revenus, un prêteur à celui qui lui a emprunté de l’argent pour pouvoir en faire usage', 0),
(562, 154, 'Sous forme de patrimoine, un emprunteur à celui qui lui a prêté de l’argent pour pouvoir en faire usage', 0),
(563, 154, 'Sous forme de patrimoine, un prêteur à celui qui lui a emprunté de l’argent pour pouvoir en faire usage', 0),
(564, 155, 'Son revenu en échange de son travail', 1),
(565, 155, 'Le service qu’il rend à l’emprunteur', 0),
(566, 155, 'Le risque qu’il encourt de ne pas être remboursé', 0),
(567, 156, 'Bismarck', 0),
(568, 156, 'Beveridge', 0),
(569, 156, 'De Gaule', 0),
(570, 156, 'Rawls', 1),
(571, 156, 'Ferry', 0),
(572, 157, 'La durée de l’emprunt', 0),
(573, 157, 'Le montant de l’emprunt', 0),
(574, 157, 'Le taux de change', 1),
(575, 157, 'Le taux directeur de la banque centrale', 0),
(576, 157, 'Les garanties de remboursement', 0),
(577, 158, 'Oui', 1),
(578, 158, 'Non', 0),
(579, 158, 'Ca dépend', 0),
(580, 159, 'Au montant des intérêts / La durée de l’emprunt', 0),
(581, 159, 'Au montant de l’emprunt / La durée de l’emprunt', 1),
(582, 159, 'Au montant de l’emprunt et des intérêts / La durée de l’emprunt', 0),
(583, 159, 'Aucune des réponses précédentes', 0),
(584, 160, 'Au montant de la dette x le taux d’intérêt', 1),
(585, 160, 'Au montant de l’emprunt x le taux d’intérêt', 0),
(586, 160, 'Au montant du crédit x le taux d’intérêt', 0),
(587, 161, 'Oui', 1),
(588, 161, 'Non', 0),
(589, 161, 'Ca dépend', 0),
(590, 162, 'Lui conférer les moyens nécessaires pour réaliser son activité', 1),
(591, 162, 'Lui conférer les moyens nécessaires pour réaliser son bénéfice', 0),
(592, 162, 'Lui conférer les moyens nécessaires pour réaliser ses recettes', 0),
(593, 163, 'Financement des projets de l’entreprise par ses capitaux propres sans appel à des ressources extérieures', 0),
(594, 163, 'Caractérisé par l’intervention d’un intermédiaire financier en général bancaire', 1),
(595, 163, 'Permet aux entreprises de s’adresser directement aux investisseurs par l’émission de titres financiers', 0),
(596, 163, 'Aucune des réponses précédentes', 0),
(597, 164, '240 euros', 0),
(598, 164, '160 euros', 1),
(599, 164, '166 euros', 0),
(600, 164, 'Aucune des réponses précédentes', 0),
(601, 165, 'Demandent du capital', 0),
(602, 165, 'Emettent des titres financiers', 0),
(603, 165, 'Achètent des titres financiers', 1),
(604, 166, 'Oui', 0),
(605, 166, 'Non', 1),
(606, 166, 'Ça dépend des années', 0),
(607, 167, 'Des actions', 1),
(608, 167, 'Des obligations', 0),
(609, 167, 'Ni l’un ni l’autre', 0),
(610, 168, 'de l’autofinancement a augmenté', 0),
(611, 168, 'de l’endettement auprès des banques a augmenté', 0),
(612, 168, 'du financement sur les marchés financiers a augmenté', 1),
(613, 169, 'Oui', 1),
(614, 169, 'Non', 0),
(615, 169, 'Ca dépend des années', 0),
(616, 170, 'au même groupe social', 0),
(617, 170, 'au même groupe social ou à un groupe social proche', 1),
(618, 170, 'à un groupe social étranger', 0),
(619, 171, 'Oui', 1),
(620, 171, 'Non', 0),
(621, 171, 'Ca dépend du point de vue', 0),
(622, 172, 'Employée', 1),
(623, 172, 'Ouvrière', 0),
(624, 172, 'Agricultrice', 0),
(625, 172, 'Cadre', 0),
(626, 173, 'Les lieux de rencontre', 0),
(627, 173, 'La proximité sociale', 0),
(628, 173, 'La beauté physique', 1),
(629, 173, 'Les centres d’intérêt', 0),
(630, 174, 'augmenté de 0,5%', 0),
(631, 174, 'augmenté de 0,5 point', 1),
(632, 174, 'augmenté d''un quart', 0),
(633, 174, 'augmenté de 25', 0),
(634, 175, 'Les études', 1),
(635, 175, 'Les soirées', 0),
(636, 175, 'Les lieux publics avec danse', 0),
(637, 175, 'Les autres lieux publics', 0),
(638, 176, '15%', 1),
(639, 176, '35%', 0),
(640, 176, '55%', 0),
(641, 176, '75%', 0),
(642, 177, 'Professions et catégories sociales', 0),
(643, 177, 'Professions et catégories socio-professionnelles', 1),
(644, 177, 'Professionnels et catégories sociales', 0),
(645, 177, 'Professionnels et catégories socio-professionnelles', 0),
(646, 178, 'augmenté de 6 points', 0),
(647, 178, 'augmenté de 5 points', 0),
(648, 178, 'augmenté de 4 points', 1),
(649, 179, '8 catégories d’actifs et 2 catégories d’inactifs', 0),
(650, 179, '6 catégories d’actifs et 2 catégories d’inactifs', 1),
(651, 179, '8 catégories d’actifs et 4 catégories d’inactifs', 0),
(652, 179, '6 catégories d’actifs et 4 catégories d’inactifs', 0),
(653, 180, 'Professions intermédiaires', 0),
(654, 180, 'Employés', 1),
(655, 180, 'Ouvriers', 0),
(656, 180, 'Chômeurs', 1),
(657, 181, 'Eurostat', 0),
(658, 181, 'France statistiques', 0),
(659, 181, 'Le ministère de l''économie', 0),
(660, 181, 'L''INSEE', 1),
(661, 181, 'L''INED', 0),
(662, 182, 'Vrai', 0),
(663, 182, 'Faux', 1),
(664, 182, 'Ca dépend', 0),
(665, 183, 'Niveau de revenu', 0),
(666, 183, 'Niveau de diplôme', 0),
(667, 183, 'Taille de l’entreprise', 0),
(668, 183, 'Nationalité', 1),
(669, 183, 'Position hiérarchique', 0),
(670, 184, 'Oui', 0),
(671, 184, 'Non', 1),
(672, 184, 'Ca dépend', 0),
(673, 185, 'Le nombre d’années qu’un groupe peut espérer vivre en moyenne', 0),
(674, 185, 'La quantité et la qualité des biens et services qu’une personne ou un groupe peut s’approprier', 1),
(675, 185, 'La richesse d’un pays', 0),
(676, 185, 'Le salaire de la population d’un pays', 0),
(677, 186, 'Adam Smith', 0),
(678, 186, 'Karl Marx', 0),
(679, 186, 'Joseph Schumpeter', 1),
(680, 186, 'John Maynard Keynes', 0),
(681, 186, 'Léon Walras', 0),
(682, 187, 'La médiane', 0),
(683, 187, 'La moyenne simple', 1),
(684, 187, 'La moyenne pondérée', 0),
(685, 187, 'Aucune des réponses précédentes', 0),
(686, 188, 'La valeur séparant un effectif en deux parties égales', 1),
(687, 188, 'La valeur moyenne d’un groupe', 0),
(688, 188, 'La somme des valeurs d’un ensemble divisée par le nombre de valeurs', 0),
(689, 188, 'La valeur la plus fréquente dans un ensemble de valeurs', 0),
(690, 189, 'aux dépenses', 0),
(691, 189, 'au revenu', 1),
(692, 189, 'au profit', 0),
(693, 189, 'à l''offre', 0),
(694, 190, 'Egal au revenu disponible médian', 0),
(695, 190, 'Supérieur au revenu disponible médian', 1),
(696, 190, 'Inférieur au revenu disponible médian', 0),
(697, 190, 'Aucune des réponses précédentes', 0),
(698, 191, 'Vrai', 1),
(699, 191, 'Faux', 0),
(700, 191, 'Ni l''un ni l''autre', 0),
(701, 192, 'de la COP 21', 0),
(702, 192, 'du rapport brundtland', 0),
(703, 192, 'du protocole de Kyoto', 1),
(704, 192, 'du sommet climat de Paris', 0),
(705, 193, 'le revenu permet d''engendrer du patrimoine', 0),
(706, 193, 'le patrimoine permet d''engendrer du revenu', 0),
(707, 193, 'ni l''un ni l''autre', 0),
(708, 193, 'les deux', 1),
(709, 194, 'Quelques semaines', 0),
(710, 194, 'Quelques mois', 0),
(711, 194, 'Quelques années', 1),
(712, 194, 'Quelques décennies', 0),
(713, 195, '1', 0),
(714, 195, '4', 0),
(715, 195, '5', 1),
(716, 195, '9', 0),
(717, 195, 'Aucune des réponses précédentes', 0),
(718, 196, 'Dépense du poste budgétaire / Budget total', 1),
(719, 196, 'Budget total / Dépense du poste budgétaire', 0),
(720, 196, 'Part d’une dépense / Budget  total', 0),
(721, 196, 'Aucune des réponses précédentes', 0),
(722, 197, 'Vrai', 1),
(723, 197, 'Faux', 0),
(724, 197, 'Ni l’un ni l’autre', 0),
(725, 198, 'Oui', 0),
(726, 198, 'Non', 0),
(727, 199, 'L’alimentation', 0),
(728, 199, 'Les transports', 0),
(729, 199, 'Le logement', 1),
(730, 199, 'L’habillement', 0),
(731, 200, 'à l''homophobie', 0),
(732, 200, 'au sexisme', 1),
(733, 200, 'à la sexologie', 0),
(734, 200, 'à l''homogamie', 0),
(735, 201, 'La part du revenu allouée aux dépenses alimentaires est d’autant plus faible que le revenu est élevé', 1),
(736, 201, 'La part du revenu allouée aux dépenses alimentaires est d’autant plus faible que le revenu est faible', 0),
(737, 201, 'La part du revenu allouée aux dépenses alimentaires est d’autant plus élevée que le revenu est élevé', 0),
(738, 201, 'La part du revenu allouée aux dépenses alimentaires est d’autant plus faible que le revenu est faible', 0),
(739, 202, 'moyens et des pratiques, formels ou informels', 1),
(740, 202, 'moyens formels ou informels', 0),
(741, 202, 'moyens pratiques formelles ou informelles', 0),
(742, 203, 'un immigré', 0),
(743, 203, 'un étranger', 0),
(744, 203, 'un résident', 0),
(745, 203, 'un émigré', 1),
(746, 204, 'Négatives', 0),
(747, 204, 'Positives', 0),
(748, 204, 'Négatives ou positives', 1),
(749, 204, 'Ni négatives ni positives', 0),
(750, 205, 'Les normes juridiques', 0),
(751, 205, 'Les normes sociales', 1),
(752, 205, 'Les valeurs sociales', 0),
(753, 205, 'Les valeurs juridiques', 0),
(754, 206, 'Emile Durkheim', 0),
(755, 206, 'Raymond Boudon', 0),
(756, 206, 'François Dubet', 0),
(757, 206, 'Pierre Bourdieu', 0),
(758, 206, 'Marcel Mauss', 0),
(759, 207, 'Qui ne disposent d’aucun pouvoir', 0),
(760, 207, 'Qui disposent d’un pouvoir de sanction fort', 1),
(761, 207, 'Qui disposent d’un pouvoir de sanction moindre', 0),
(762, 208, 'Tous les ans', 0),
(763, 208, 'Tous les 5 ans', 0),
(764, 208, 'Tous les 10 ans', 1),
(765, 208, 'Tous les 15 ans', 0),
(766, 208, 'Tous les 20 ans', 0),
(767, 209, 'Les amis', 0),
(768, 209, 'L’école', 0),
(769, 209, 'La police', 1),
(770, 209, 'Le travail', 0),
(771, 210, '1945', 0),
(772, 210, '1970', 1),
(773, 210, '1985', 0),
(774, 210, '1999', 0),
(775, 211, 'Oui', 0),
(776, 211, 'Non', 0),
(777, 211, 'Ca dépend du stagiaire', 0),
(778, 212, 'Contrôle social', 0),
(779, 212, 'Déviance', 1),
(780, 212, 'Délinquance', 1),
(781, 212, 'Stigmatisation', 0),
(782, 213, 'Contrôle social', 0),
(783, 213, 'Déviance', 0),
(784, 213, 'Délinquance', 0),
(785, 213, 'Stigmatisation', 0),
(786, 214, 'en déficit de temps en temps', 0),
(787, 214, 'en déficit la plupart du temps', 1),
(788, 214, 'en déficit une fois sur deux', 0),
(789, 215, 'Vrai', 0),
(790, 215, 'Faux', 0),
(791, 215, 'Ca dépend', 0),
(792, 216, 'Libéralisme', 0),
(793, 216, 'Keynésianisme', 0),
(794, 216, 'Protectionnisme', 1),
(795, 216, 'Etatisme', 0),
(796, 217, 'Du contrôle social', 0),
(797, 217, 'De la déviance', 0),
(798, 217, 'De la stigmatisation', 1),
(799, 218, 'Cracher par terre', 0),
(800, 218, 'Conduire en état d’ivresse ', 1),
(801, 218, 'Traiter quelqu’un d’ « imbécile » dans la rue', 0),
(802, 218, 'Etre retardataire', 0),
(803, 219, 'Les mondialistes', 0),
(804, 219, 'Les libéraux', 0),
(805, 219, 'Les néolibéraux', 0),
(806, 219, 'Les altermondialistes', 1),
(807, 219, 'Les keynésiens', 0),
(808, 220, 'Des revenus mixtes et des revenus du travail', 1),
(809, 220, 'Des revenus du travail et des revenus du capital', 0),
(810, 220, 'Des revenus du capital et des revenus mixtes', 0),
(811, 221, 'L''Allemagne', 0),
(812, 221, 'L''Angleterre', 0),
(813, 221, 'La Turquie', 0),
(814, 221, 'La Grèce', 1),
(815, 221, 'Le Portugal', 0),
(816, 222, 'Dividendes', 0),
(817, 222, 'Loyers perçus', 0),
(818, 222, 'Primes', 1),
(819, 222, 'Intérêts', 0),
(820, 223, 'Keynes', 0),
(821, 223, 'Marx', 0),
(822, 223, 'Kaldor', 1),
(823, 223, 'Smith', 0),
(824, 223, 'Schumpeter', 0),
(825, 224, 'Revenus de transfert', 0),
(826, 224, 'Impôts', 0),
(827, 224, 'Cotisations sociales', 0),
(828, 224, 'Revenus de la propriété', 1),
(829, 225, 'Vrai', 0),
(830, 225, 'Faux', 0),
(831, 225, 'Ca dépend', 0),
(832, 226, 'Du revenu d’activité non salariée', 0),
(833, 226, 'Du revenu d’activité salariée', 0),
(834, 226, 'Du revenu de transfert', 1),
(835, 226, 'Du revenu de la propriété', 0),
(836, 227, 'Militaires et diplomatiques', 0),
(837, 227, 'Economiques et sociaux', 1),
(838, 227, 'Politiques et culturels', 0),
(839, 228, 'De redistribution', 1),
(840, 228, 'De répartition', 0),
(841, 228, 'De consommation', 0),
(842, 229, 'Risques économiques quel que soit le niveau de revenu', 0),
(843, 229, 'Risques sociaux quel que soit le niveau de revenu', 1),
(844, 229, 'Risques économiques en tenant compte du niveau de revenu', 0),
(845, 229, 'Risques sociaux en tenant compte du niveau de revenu', 0),
(846, 230, 'L’assurance sociale', 0),
(847, 230, 'La justice sociale', 1),
(848, 230, 'L’assistance sociale', 0),
(849, 231, 'L’assurance sociale', 0),
(850, 231, 'La justice sociale', 0),
(851, 231, 'L’assistance sociale', 0),
(852, 231, 'Le soutien à l’activité économique', 0),
(853, 232, 'De court terme', 1),
(854, 232, 'De moyen terme', 0),
(855, 232, 'De long terme', 0),
(856, 232, 'De très long terme', 0),
(857, 233, 'L’inflation', 0),
(858, 233, 'Le taux de croissance', 0),
(859, 233, 'La précarité de l’emploi', 1),
(860, 233, 'Le solde commercial en % du PIB', 0),
(861, 233, 'Le taux de chômage', 0),
(862, 234, 'Salaire brut = Salaire net – Cotisations sociales', 0),
(863, 234, 'Salaire net = Salaire brut – Cotisations sociales ', 1),
(864, 234, 'Salaire brut = Salaire net + Cotisations sociales', 0),
(865, 234, 'Salaire net = Salaire brut + Cotisations sociales ', 0),
(866, 235, 'Vrai', 0),
(867, 235, 'Faux', 0),
(868, 235, 'Ca dépend', 0),
(869, 236, 'Vrai', 0),
(870, 236, 'Faux', 0),
(871, 236, 'Ca dépend', 0),
(872, 237, 'Prélevées sur le salaire et versées à la sécurité sociale', 1),
(873, 237, 'Prélevées sur le  profit et versées à la sécurité sociale', 0),
(874, 237, 'Prélevées sur le salaire et versées à l’Etat', 0),
(875, 237, 'Prélevées sur le profit et versées à l’Etat', 0),
(876, 238, 'Vrai', 0),
(877, 238, 'Faux', 0),
(878, 239, 'Vrai', 0),
(879, 239, 'Faux', 0),
(880, 239, 'Ca dépend', 0),
(881, 240, 'Cotisations sociales salariales – Cotisations sociales patronales', 0),
(882, 240, 'Cotisations sociales salariales + Cotisations sociales patronales', 1),
(883, 240, 'Cotisations sociales salariales – Cotisations sociales patronales + Impôts', 0),
(884, 240, 'Cotisations sociales salariales + Cotisations sociales patronales + Impôts', 0),
(885, 241, 'Union économique', 0),
(886, 241, 'Union monétaire', 0),
(887, 241, 'Union économique et monétaire', 1),
(888, 241, 'Union économique ou monétaire', 0),
(889, 242, 'Vrai', 0),
(890, 242, 'Faux', 0),
(891, 242, 'Ca dépend', 0),
(892, 243, 'Monnaie commune', 0),
(893, 243, 'Monnaie unique', 1),
(894, 243, 'Monnaie nationale', 0),
(895, 243, 'Monnaie continentale', 0),
(896, 244, 'Impôts', 0),
(897, 244, 'Cotisations sociales', 0),
(898, 244, 'Impôts + Cotisations sociales', 1),
(899, 244, 'Impôts – Cotisations sociales', 0),
(900, 245, 'Critères de convergence', 1),
(901, 245, 'Critères de divergence', 0),
(902, 245, 'Critères d''émergence', 0),
(903, 246, 'Les contribuables', 1),
(904, 246, 'Les consommateurs', 1),
(905, 246, 'Les salariés et employeurs', 1),
(906, 247, 'Déficit public', 0),
(907, 247, 'Taux d’inflation', 0),
(908, 247, 'Dette publique', 0),
(909, 247, 'Taux de croissance', 1),
(910, 247, 'Taux d’intérêt', 0),
(911, 248, '8', 0),
(912, 248, '11', 1),
(913, 248, '13', 0),
(914, 248, '15', 0),
(915, 248, '18', 0),
(916, 249, 'Les contribuables', 0),
(917, 249, 'Les consommateurs', 0),
(918, 249, 'Les salariés et employeurs', 0),
(919, 250, 'Les contribuables', 0),
(920, 250, 'Les consommateurs', 0),
(921, 250, 'Les salariés et employeurs', 0),
(922, 251, 'Retirés de l’économie du pays', 0),
(923, 251, 'Donnés à l''économie du pays', 0),
(924, 251, 'Réinjectés dans l’économie du pays', 1),
(925, 252, 'Les productions étrangères de la concurrence nationale', 0),
(926, 252, 'Les productions nationales de la concurrence étrangère', 1),
(927, 252, 'Les productions locales de la concurrence nationale', 0),
(928, 253, 'Impôt direct', 1),
(929, 253, 'Impôt indirect', 1),
(930, 253, 'Impôt direct et indirect', 0),
(931, 253, 'Impôt ni direct ni indirect', 0),
(932, 254, 'Quotas d’importation', 0),
(933, 254, 'Subventions à l’exportation', 0),
(934, 254, 'Droits de douane', 1),
(935, 255, 'Vrai', 0),
(936, 255, 'Faux', 0),
(937, 255, 'Ca dépend', 0),
(938, 256, 'Vrai', 0),
(939, 256, 'Faux', 0),
(940, 256, 'Ni l''un ni l''autre', 0),
(941, 257, 'Vrai', 0),
(942, 257, 'Faux', 0),
(943, 257, 'Ni l''un ni l''autre', 0),
(944, 258, 'La production de jeux vidéo', 1),
(945, 258, 'La production agricole', 0),
(946, 258, 'La production d''armement', 0),
(947, 259, 'Prix H.T + (Prix H.T x Taux TVA)', 1),
(948, 259, 'Prix H.T - (Prix H.T x Taux TVA)', 0),
(949, 259, 'Prix H.T / (Prix H.T x Taux TVA)', 0),
(950, 259, 'Prix H.T x (Prix H.T x Taux TVA)', 0),
(951, 260, 'Karl Marx', 0),
(952, 260, 'Friedrich List', 1),
(953, 260, 'Joseph Schumpeter', 0),
(954, 260, 'Adam Smith', 0),
(955, 260, 'David Ricardo', 0),
(956, 261, 'Vrai', 0),
(957, 261, 'Faux', 0),
(958, 262, 'Impôt direct', 0),
(959, 262, 'Impôt indirect', 0),
(960, 262, 'Les deux', 0),
(961, 262, 'Ni l''un ni l''autre', 0),
(962, 263, 'Les consommateurs', 0),
(963, 263, 'Les producteurs', 0),
(964, 263, 'Les personnes physiques', 1),
(965, 263, 'Les personnes morales', 0),
(966, 264, 'Toutes les entraves extérieures', 0),
(967, 264, 'Toutes les entraves intérieures', 0),
(968, 264, 'Toutes les entraves extérieures ou intérieures', 1),
(969, 265, 'Division internationale des travailleurs', 0),
(970, 265, 'Division interne du travail', 0),
(971, 265, 'Division internationale du travail', 1),
(972, 266, 'Annuel', 0),
(973, 266, 'A taux fixe', 1),
(974, 266, 'Atténué par le quotient familial', 0),
(975, 266, 'Redistributif', 0),
(976, 267, 'Vrai', 0),
(977, 267, 'Faux', 0),
(978, 268, 'Diminuer les revenus des riches', 0),
(979, 268, 'Augmenter les revenus des pauvres', 0),
(980, 268, 'Réduire les inégalités sociales', 1),
(981, 269, 'Des avantages absolus', 0),
(982, 269, 'Des avantages comparatifs', 1),
(983, 269, 'Des avantages commerciaux', 0),
(984, 269, 'Des avantages sociaux', 0),
(985, 270, 'Un tiers des recettes de l’Etat', 0),
(986, 270, 'La moitié des recettes de l’Etat', 0),
(987, 270, 'Un quart des recettes de l’Etat', 1),
(988, 270, 'Deux tiers des recettes de l’Etat', 0),
(989, 271, 'Tarifaires', 0),
(990, 271, 'Non tarifaires', 0),
(991, 271, 'Tarifaires et non tarifaires', 1),
(992, 272, 'L’ensemble des achats de biens et services produits à l’extérieur du pays', 1),
(993, 272, 'L’ensemble des ventes destinées à l’étranger de biens et services réalisées à l’intérieur d’un pays', 1),
(994, 272, 'Aucune des réponses précédentes', 0),
(995, 273, 'Les dépenses publiques pour une année sont inférieures aux recettes publiques', 0),
(996, 273, 'Les dépenses publiques pour une année sont supérieures aux recettes publiques', 1),
(997, 273, 'Les dépenses de l’Etat pour une année sont inférieures aux recettes de l’Etat', 0),
(998, 273, 'Les dépenses de l’Etat pour une année sont supérieures aux recettes de l’Etat', 0),
(999, 274, 'L’ensemble des achats de biens et services produits à l’extérieur du pays', 0),
(1000, 274, 'L’ensemble des ventes destinées à l’étranger de biens et services réalisées à l’intérieur d’un pays', 0),
(1001, 274, 'Aucune des réponses précédentes', 0),
(1002, 275, 'Des dépenses de l’Etat', 0),
(1003, 275, 'Dépenses de la sécurité sociale', 0),
(1004, 275, 'Dépenses de l’Etat + Dépenses des collectivités locales + Dépenses de la sécurité sociale', 1),
(1005, 275, 'Dépenses de l’Etat - Dépenses de la sécurité sociale', 0),
(1006, 276, 'Importations – Exportations', 0),
(1007, 276, 'Exportations – Importations', 1),
(1008, 276, 'Importations + Exportations', 0),
(1009, 277, 'Le déficit public', 0),
(1010, 277, 'La dette de l’Etat', 0),
(1011, 277, 'La dette publique', 1),
(1012, 277, 'Le déficit de la Sécurité sociale', 0),
(1013, 278, 'Egal à 0', 0),
(1014, 278, 'Supérieur à 0', 1),
(1015, 278, 'Inférieur à 0', 0),
(1016, 279, 'Vrai', 0),
(1017, 279, 'Faux', 0),
(1018, 279, 'Ca dépend', 0),
(1019, 280, 'Des intérêts par les créanciers à la France', 0),
(1020, 280, 'Des intérêts de la France à ses créanciers', 1),
(1021, 280, 'Du taux d’intérêt par les créanciers à la France', 0),
(1022, 280, 'Du taux d’intérêt par la France à ses créanciers', 0),
(1023, 281, 'Un enseignement validé par un diplôme', 1),
(1024, 281, 'Une expérience professionnelle', 0),
(1025, 281, 'Une production de biens et services', 0),
(1026, 282, 'Baisser les dépenses publiques', 0),
(1027, 282, 'Augmenter les dépenses publiques', 1),
(1028, 282, 'Baisser les recettes publiques', 0),
(1029, 282, 'Baisser les dépenses publiques', 0),
(1030, 283, 'Dépenses totales du pays / Dépenses de formation (en %)', 0),
(1031, 283, 'Dépenses de formation / Dépenses totales du pays (en %)', 0),
(1032, 283, 'Dépenses de formation / PIB (en %)', 1),
(1033, 283, 'PIB / Dépenses de formation (en %)', 0),
(1034, 284, 'Un système institutionnel dans lequel la puissance publique est soumise au droit', 1),
(1035, 284, 'Un système institutionnel dans lequel le droit est soumis à la puissance publique', 0),
(1036, 284, 'Une puissance publique dans lequel le système institutionnel est soumis au droit', 0),
(1037, 284, 'Droit dans lequel la puissance publique est soumise à un système institutionnel', 0),
(1038, 285, 'Correspond à tout ce qui est conforme à la loi', 1),
(1039, 285, 'Est l’ensemble des actions liées à la loi', 0),
(1040, 285, 'Est l’ensemble des actions qui ne sont pas conformes à la loi', 0),
(1041, 286, 'Formation initiale', 0),
(1042, 286, 'Niveau de revenu', 0),
(1043, 286, 'Expérience professionnelle', 0),
(1044, 286, 'Niveau de responsabilité', 0),
(1045, 286, 'Nature du travail', 0),
(1046, 287, 'Est un principe qui préconise que les 3 grandes fonctions de l’Etat soient chacune exercées par un organe différent', 1),
(1047, 287, 'Est une recommandation qui conseille que les 3 grandes fonctions de l’Etat soient chacune exercées par un organe différent', 0),
(1048, 287, 'Est une suggestion qui consiste en ce que les 3 grandes fonctions de l’Etat soient chacune exercées par un organe différent', 0),
(1049, 288, 'L’organisme d’accueil', 0),
(1050, 288, 'L’établissement de formation', 0),
(1051, 288, 'Le stagiaire', 0),
(1052, 288, 'La sécurité sociale', 1),
(1053, 289, 'Vrai', 0),
(1054, 289, 'Faux', 0),
(1055, 289, 'Ca dépend', 0),
(1056, 290, 'A pour objectif d’infliger une peine à un criminel', 1),
(1057, 290, 'Vise au maintien ou au rétablissement de la vie sociale', 0),
(1058, 290, 'Représente la vengeance de la société', 0),
(1059, 291, 'Sont égales entre elles', 0),
(1060, 291, 'Sont hiérarchisées', 1),
(1061, 291, 'Sont rangées dans le désordre', 0),
(1062, 292, 'Salaire minimum interprofessionnel de consommation', 0),
(1063, 292, 'Salaire minimum interprofessionnel de croissance', 1),
(1064, 292, 'Salaire minimum intergénérationnel de consommation', 0),
(1065, 292, 'Salaire minimum intergénérationnel de croissance', 0),
(1066, 293, 'L’accroissement sur une période donnée des quantités de biens produits dans un pays (en général une année)', 0),
(1067, 293, 'L’accroissement sur une période donnée des quantités de services produits dans un pays (en général une année)', 0),
(1068, 293, 'L’accroissement sur une période donnée des quantités de biens et services produits dans un pays (en général une année)', 1),
(1069, 294, 'Le marché du travail', 0),
(1070, 294, 'L’offre de travail', 1),
(1071, 294, 'La demande de travail', 1),
(1072, 295, 'Le marché du travail', 0),
(1073, 295, 'L’offre de travail', 0),
(1074, 295, 'La demande de travail', 0),
(1075, 296, 'PIB (année n-1) – PIB (année n) / PIB (année n) en %', 0),
(1076, 296, 'PIB (année n) – PIB (année n-1) / PIB (année n) en %', 0),
(1077, 296, 'PIB (année n-1) – PIB (année n) / PIB (année n-1) en %', 0),
(1078, 296, 'PIB (année n) – PIB (année n-1) / PIB (année n-1) en %', 1),
(1079, 297, 'Oui', 0),
(1080, 297, 'Non', 0),
(1081, 297, 'Ca dépend', 0),
(1082, 298, 'Volontaire', 0),
(1083, 298, 'Involontaire', 1),
(1084, 298, 'Ni l''un ni l''autre', 0),
(1085, 299, 'Oui', 0),
(1086, 299, 'Non', 0),
(1087, 299, 'Ca dépend', 0),
(1088, 300, 'Libéraux', 1),
(1089, 300, 'Keynésiens', 0),
(1090, 300, 'Marxistes', 0),
(1091, 300, 'Schumpeteriens', 0),
(1092, 301, 'Stable', 0),
(1093, 301, 'En hausse', 0),
(1094, 301, 'En baisse', 0),
(1095, 301, 'Instable', 0),
(1096, 302, 'Désigne le changement de position sociale par rapport à celle de ses parents', 1),
(1097, 302, 'Désigne le changement de sa position sociale au cours de sa carrière', 0),
(1098, 302, 'Désigne la progression de position sociale par rapport à celle de ses parents', 0),
(1099, 302, 'Désigne la progression de sa position sociale au cours de sa carrière', 0),
(1100, 303, 'Désigne le changement de position sociale par rapport à celle de ses parents', 0),
(1101, 303, 'Désigne le changement de sa position sociale au cours de sa carrière', 0),
(1102, 303, 'Désigne la progression de position sociale par rapport à celle de ses parents', 0),
(1103, 303, 'Désigne la progression de sa position sociale au cours de sa carrière', 0),
(1104, 304, 'La quantité et et la qualité de biens et services qu’un revenu donné peut acquérir', 0),
(1105, 304, 'La quantité de biens et services qu’un revenu donné peut acquérir', 1),
(1106, 304, 'La quantité et et la qualité de biens et services qu’un salaire donné peut acquérir', 0),
(1107, 304, 'La quantité de biens et services qu’un salaire donné peut acquérir', 0),
(1108, 305, 'Des catégories socioprofessionnelles', 1),
(1109, 305, 'Des classes sociales', 0),
(1110, 305, 'Des corporations professionnelles', 0),
(1111, 305, 'Des groupes sociaux', 0),
(1112, 306, 'Les prix sont stables et le revenu augmente', 0),
(1113, 306, 'Les prix baissent et le revenu est stable', 0),
(1114, 306, 'Les prix augmentent et le revenu est stable', 1),
(1115, 306, 'Les prix augmentent plus vite que l’augmentation du revenu', 0),
(1116, 307, 'Mobilité sociale intragénérationnelle', 0),
(1117, 307, 'Mobilité sociale ascendante', 0),
(1118, 307, 'Reproduction sociale', 1),
(1119, 307, 'Mobilité sociale descendante', 0),
(1120, 308, 'Donnée en volume / Indice des prix', 0),
(1121, 308, 'Donnée en valeur / Indice des prix', 1),
(1122, 308, 'Indice des prix / Donnée en volume', 0),
(1123, 308, 'Indice des prix / Donnée en valeur', 0),
(1124, 309, 'La situation des fils par rapport à celle de leur père', 0),
(1125, 309, 'La transformation de la structure sociale', 1),
(1126, 309, 'La reproduction sociale', 0),
(1127, 309, 'Aucune des réponses précédentes', 0),
(1128, 310, 'En valeur', 0),
(1129, 310, 'Nominal', 1),
(1130, 310, 'Réel', 1),
(1131, 310, 'A prix courants', 0),
(1132, 311, 'Oui', 0),
(1133, 311, 'Non', 0),
(1134, 311, 'Ca dépend', 0),
(1135, 312, 'Vrai', 0),
(1136, 312, 'Faux', 0),
(1137, 312, 'Ca dépend', 0),
(1138, 313, 'Du sérieux de l’élève', 0),
(1139, 313, 'Du suivi scolaire parental', 0),
(1140, 313, 'De la tricherie aux examens', 1),
(1141, 313, 'Du soutien scolaire et cours particuliers', 0),
(1142, 313, 'De la culture générale ', 0),
(1143, 314, 'En volume', 0),
(1144, 314, 'Réel', 0),
(1145, 314, 'Nominal', 0),
(1146, 314, 'A prix constants', 0),
(1147, 315, 'Absolue', 0),
(1148, 315, 'Relative', 0),
(1149, 315, 'Absolue ou relative', 1),
(1150, 315, 'Ni absolue ni relative', 0),
(1151, 316, '12 % des mères sans diplôme contre 8 % des mères diplômées du supérieur', 0),
(1152, 316, '30 % des mères sans diplôme contre 5 % des mères diplômées du supérieur', 1),
(1153, 316, '8 % des mères sans diplôme contre 12 % des mères diplômées du supérieur', 0),
(1154, 316, '30 % des mères sans diplôme contre 5 % des mères diplômées du supérieur', 0),
(1155, 317, 'Egaux à un certain seuil', 0),
(1156, 317, 'Supérieurs à un certain seuil', 0),
(1157, 317, 'Inférieurs à un certain seuil', 1),
(1158, 318, 'Vrai', 0),
(1159, 318, 'Faux', 0),
(1160, 318, 'Ca dépend', 0),
(1161, 319, 'Leur enfant n’a aucune chance d’être diplômé du supérieur', 0),
(1162, 319, 'Leur enfant a plus de chances que les autres d’être diplômé du supérieur', 0);
INSERT INTO `Reponses` (`idReponse`, `idQuestion`, `reponse`, `correct`) VALUES
(1163, 319, 'Leur enfant a moins de chances que les autres d’être diplômé du supérieur', 1),
(1164, 319, 'Leur enfant a autant de chances que les autres d''être diplômé du supérieur', 0),
(1165, 320, 'à 50 %', 0),
(1166, 320, 'à 60 %', 0),
(1167, 320, 'à 80 %', 1),
(1168, 321, 'née étrangère à l''étranger et résidant à l''étranger', 0),
(1169, 321, 'née étrangère à l''étranger et résidant en France', 1),
(1170, 321, 'née étrangère en France et résidant en France', 0),
(1171, 321, 'née étrangère en France et résidant à l''étranger', 0),
(1172, 322, 'En couple', 0),
(1173, 322, 'Monoparentales', 1),
(1174, 322, 'Homoparentales', 0),
(1175, 323, 'qui réside en France et ne dispose pas de la nationalité française', 1),
(1176, 323, 'qui réside en France et dispose de la nationalité française', 0),
(1177, 323, 'qui réside à l''étranger et ne dispose pas de la nationalité française', 0),
(1178, 323, 'qui réside à l''étranger et dispose de la nationalité française', 0),
(1179, 324, 'Vrai', 0),
(1180, 324, 'Faux', 0),
(1181, 324, 'Ca dépend de la définition', 0),
(1182, 325, 'Durée de la scolarisation obligatoire', 1),
(1183, 325, ' Durée moyenne de scolarisation des adultes', 0),
(1184, 325, 'Durée attendue de scolarisation des enfants en âge scolaire', 0),
(1185, 326, 'points', 0),
(1186, 326, 'milliers', 0),
(1187, 326, '%', 1),
(1188, 326, 'millions', 0),
(1189, 327, 'Vrai', 0),
(1190, 327, 'Faux', 0),
(1191, 328, 'Vrai', 0),
(1192, 328, 'Faux', 0),
(1193, 328, 'Ca dépend de la définition', 0),
(1194, 329, 'Vrai', 0),
(1195, 329, 'Faux', 0),
(1196, 329, 'Ca dépend', 0),
(1197, 330, 'Une différence d’accès à des ressources valorisées socialement', 1),
(1198, 330, 'Une situation de discrimination valorisée socialement', 0),
(1199, 330, 'Une situation d’injustice valorisée socialement', 0),
(1200, 331, 'Ouvriers', 0),
(1201, 331, 'Cadres', 1),
(1202, 331, 'Employés', 0),
(1203, 332, 'Santé et longévité', 0),
(1204, 332, 'Accès à l’éducation', 0),
(1205, 332, 'Accès à un patrimoine', 1),
(1206, 332, 'Accès à un niveau de vie décent', 0),
(1207, 333, 'Cadres', 0),
(1208, 333, 'Employés', 0),
(1209, 333, 'Professions intermédiares', 0),
(1210, 334, '0 et 100', 0),
(1211, 334, '0 et 10', 0),
(1212, 334, '0 et 1', 1),
(1213, 335, 'Vrai ', 0),
(1214, 335, 'Faux', 0),
(1215, 335, 'Ca dépend', 0),
(1216, 336, 'Etait inférieur', 1),
(1217, 336, 'Etait supérieur', 0),
(1218, 336, 'Etait égal', 0),
(1219, 337, 'Etait inférieur', 0),
(1220, 337, 'Etait supérieur', 0),
(1221, 337, 'Etait égal', 0),
(1222, 338, 'Une innovation mineure', 0),
(1223, 338, 'Une innovation de rupture', 1),
(1224, 338, 'Les deux', 0),
(1225, 339, 'Unidimensionnel et cumulatif', 0),
(1226, 339, 'Pluridimensionnel et relatif', 0),
(1227, 339, 'Pluridimensionnel et cumulatif', 1),
(1228, 339, 'Unidimensionnel et relatif', 0),
(1229, 340, 'De procédés', 0),
(1230, 340, 'Organisationnelle', 0),
(1231, 340, 'De produits', 0),
(1232, 340, 'De production', 1),
(1233, 341, 'Zones urbaines et sociales', 0),
(1234, 341, 'Zones urbaines sensibles', 1),
(1235, 341, 'Zones urbaines sociales', 0),
(1236, 341, 'Zones urbaines et sensibles', 0),
(1237, 342, 'Vrai', 0),
(1238, 342, 'Faux', 0),
(1239, 342, 'Ca dépend', 0),
(1240, 343, 'Territoires infra-urbains', 0),
(1241, 343, 'Définies par les pouvoirs publics', 0),
(1242, 343, 'Cible prioritaire de la politique de la ville', 0),
(1243, 343, 'Difficultés économiques et sociales des habitants', 0),
(1244, 343, 'Ne disposent pas des mêmes droits', 1),
(1245, 344, 'Vrai', 0),
(1246, 344, 'Faux', 0),
(1247, 345, 'Vrai', 0),
(1248, 345, 'Faux', 0),
(1249, 345, 'Ca dépend', 0),
(1250, 346, 'Vrai', 0),
(1251, 346, 'Faux', 0),
(1252, 347, 'Ordre croissant', 1),
(1253, 347, 'Ordre décroissant', 0),
(1254, 347, 'Ordre variable', 0),
(1255, 348, 'Inférieure à 1', 1),
(1256, 348, 'Egale à 1', 0),
(1257, 348, 'Supérieure à  1', 1),
(1258, 348, 'Aucune des réponses précédentes', 0),
(1259, 349, 'Elle est exprimée en  %', 1),
(1260, 349, 'Elle n’a pas d’unité', 0),
(1261, 349, 'Elle est un coefficient', 0),
(1262, 350, 'La majorité de l’effectif', 0),
(1263, 350, 'La minorité de l’effectif', 0),
(1264, 350, 'La moitié de l’effectif', 1),
(1265, 350, 'La moyenne de l''effectif', 0),
(1266, 351, 'Taux de variation des prix / Taux de variation de la demande', 0),
(1267, 351, '(Taux de variation des prix / Taux de variation de la demande) X 100', 0),
(1268, 351, '(Taux de variation de la demande / Taux de variation des prix) X 100', 0),
(1269, 351, 'Taux de variation de la demande / Taux de variation des prix', 1),
(1270, 352, 'Au revenu disponible des 10% les plus pauvres', 0),
(1271, 352, 'Au revenu disponible des 10% les plus riches', 0),
(1272, 352, 'A la borne supérieure des 10% les plus pauvres', 1),
(1273, 352, 'A la borne inférieure des 10% les plus riches', 0),
(1274, 353, 'Egale à 1', 0),
(1275, 353, 'Egale à 0', 0),
(1276, 353, 'Inférieure à 1', 0),
(1277, 353, 'Supérieure à 1', 0),
(1278, 354, 'Egale à 0', 0),
(1279, 354, 'Supérieure à 0', 1),
(1280, 354, 'Inférieure à 0', 0),
(1281, 354, 'Aucune des réponses précédentes', 0),
(1282, 355, 'D1 / D9', 0),
(1283, 355, 'D9 / D1', 1),
(1284, 355, 'D1 / D10', 0),
(1285, 355, 'D10 / D1', 0),
(1286, 356, 'Vrai', 0),
(1287, 356, 'Faux', 0),
(1288, 356, 'Ni l''un ni l''autre', 0),
(1289, 357, 'L’ensemble de mesures prises par les pouvoirs publics pour lutter contre la pollution', 1),
(1290, 357, 'L’ensemble de mesures prises par les agents économiques pour lutter contre la pollution', 0),
(1291, 357, 'L’ensemble de mesures prises par la société pour lutter contre la pollution', 0),
(1292, 358, 'La certification', 0),
(1293, 358, 'La labellisation', 0),
(1294, 358, 'La modélisation', 1),
(1295, 359, 'L’ensemble des biens possédés par un agent économique', 1),
(1296, 359, 'L’ensemble des revenus perçus par un agent économique', 0),
(1297, 359, 'L’ensemble des biens proposés par un agent économique', 0),
(1298, 359, 'L’ensemble des services proposés par un agent économique', 0),
(1299, 360, 'Les actions', 0),
(1300, 360, 'Les obligations', 0),
(1301, 360, 'Le compte épargne', 0),
(1302, 360, 'Les terrains', 1),
(1303, 361, 'Faire payer les producteurs d’externalités positives', 0),
(1304, 361, 'Faire payer les producteurs d’externalités négatives', 1),
(1305, 361, 'Subventionner les producteurs d’externalités négatives', 0),
(1306, 361, 'Subventionner les producteurs d’externalités positives', 0),
(1307, 362, 'Le fonds de commerce', 0),
(1308, 362, 'Les brevets d’invention', 0),
(1309, 362, 'Les œuvres d’art', 1),
(1310, 362, 'Les droits d’auteur', 0),
(1311, 363, 'De négociation de quotas d’émission de gaz à effet de serre', 0),
(1312, 363, 'D’échange de quotas d’émission de gaz à effet de serre', 0),
(1313, 363, 'De négociation et d’échange de quotas d’émission de gaz à effet de serre', 1),
(1314, 364, 'Vrai', 0),
(1315, 364, 'Faux', 0),
(1316, 365, 'Vrai', 0),
(1317, 365, 'Faux', 0),
(1318, 365, 'Ca dépend', 0),
(1319, 366, 'Héritage', 0),
(1320, 366, 'Revenu disponible', 0),
(1321, 366, 'Epargne', 1);

-- --------------------------------------------------------

--
-- Structure de la table `Utilisateurs`
--

CREATE TABLE IF NOT EXISTS `Utilisateurs` (
  `mail` varchar(50) NOT NULL DEFAULT '',
  `mdp` varchar(20) DEFAULT NULL,
  `avatar` varchar(20) DEFAULT NULL,
  `scoreTotal` int(5) DEFAULT NULL,
  PRIMARY KEY (`mail`)
) ENGINE=MyISAM DEFAULT CHARSET=utf8;

--
-- Contenu de la table `Utilisateurs`
--

INSERT INTO `Utilisateurs` (`mail`, `mdp`, `avatar`, `scoreTotal`) VALUES
('nicolas@coucou.fr', 'coucou', 'images/default.png', 1),
('admin', 'esprod2016', 'images/default.png', 13),
('tristan@cab', 'alfred1', 'images/default.png', 4);

/*!40101 SET CHARACTER_SET_CLIENT=@OLD_CHARACTER_SET_CLIENT */;
/*!40101 SET CHARACTER_SET_RESULTS=@OLD_CHARACTER_SET_RESULTS */;
/*!40101 SET COLLATION_CONNECTION=@OLD_COLLATION_CONNECTION */;
